Sector,Symbol,Rule,Trend,Price,PreviousClose,52WeekHigh,52WeekLow,TrailingPE,ForwardPE,pegRatio,PriceToBook,EarningsQuarterlyGrowth,Institutions_pct,Earning_Date,Reco_4_hrs,Reco_Daily,Reco_Daily_last,Reco_Weekly,RSI,MACD,PAR,Stoch_K,Stoch_D,ADX,CCI20,AO,Mom,MACD_macd,MACD_signal,UO,P_SAR,TrailingEps,ForwardEps,Stock,Category,LotSize,ShortInterest,RecommdationMean,FutureLotValue,RecommadationKey,totalCashPerShare,earningsGrowth,currentRatio,returnOnAssets,returnOnEquity,debtToEquity,quickRatio
Consumer Cyclical,CHPT,STRONG_SELL,STRONG_SELL,12.69,13.69,32.51,8.5,,-24.882353,0.19,7.173544,,0.49295,2022-03-09 00:00:00,STRONG_SELL - 0|16|10,STRONG_SELL - 0|16|10,SELL - 3|13|10,SELL - 1|13|10,Bearish : 37.62,SELL,SELL,Oversold : 6.91,Oversold : 13.59,Weak Trend : 20.54,Bearish : -159.86,Bearish : -0.63,Bearish : -2.77,Bearish : -0.13,Bullish : 0.14,36.33,15.28,-2.178,-0.51,ChargePoint Holdings. Inc.,Watchlist,100,4.35,2.1,1269.0,buy,0.938,,2.455,-0.28407,-0.42519,5.346,2.069
Healthcare,AMGN,STRONG_BUY,STRONG_BUY,245.55,243.3,258.45,198.64,24.239882,12.937303,1.96,143.17784,-0.103,0.81187,2022-08-01 10:59:00,STRONG_BUY - 18|0|8,BUY - 11|5|10,BUY - 16|2|8,STRONG_BUY - 16|1|9,Bullish  : 57.31,BUY,SELL,Bullish : 56.59,Bullish : 60.65,Weak Trend : 20.32,Bullish  : 58.68,Bullish : 3.18,Bullish : 0.02,Bullish : 0.92,Bullish : 0.65,57.04,247.05,10.13,18.98,Amgen Inc.,Watchlist,100,6.1,2.6,24555.0,hold,12.25,-0.053,1.437,0.09907,1.11668,4023.362,0.902
Healthcare,JNJ,NEUTRAL,STRONG_BUY,179.52,177.51,186.69,155.72,26.83007,17.294798,3.17,6.7251067,-0.169,0.70428,2022-04-18 00:00:00,STRONG_BUY - 16|1|9,STRONG_BUY - 17|0|9,BUY - 14|2|10,BUY - 15|2|9,Bullish  : 58.61,SELL,SELL,Bullish : 45.26,Bullish : 46.68,Weak Trend : 19.72,Neutral : 42.33,Bullish : 2.34,Bearish : -2.96,Bullish : 0.97,Bullish : 1.0,61.61,181.91,6.691,10.38,Johnson & Johnson,Watchlist,100,2.15,2.3,17952.0,buy,11.548,-0.168,1.393,0.08957,0.28219,44.369,1.06
Communication Services,T,STRONG_BUY,STRONG_BUY,21.31,20.96,22.15,16.63,165.1938,6.638629,-1.98,0.92906654,-0.363,0.54799,2022-04-20 00:00:00,STRONG_BUY - 16|1|9,STRONG_BUY - 16|0|10,STRONG_BUY - 16|0|10,BUY - 15|2|9,Bullish  : 66.35,BUY,BUY,Overbrought : 92.14,Overbrought : 90.61,Strong Trend : 32.86,Bullish  : 112.21,Bullish : 0.67,Bullish : 0.31,Bullish : 0.24,Bullish : 0.15,63.84,20.81,0.129,3.21,AT&T Inc.,Watchlist,100,1.24,2.6,2131.0,hold,5.387,-0.378,0.932,0.03879,0.10119,123.031,0.676
Healthcare,CI,STRONG_BUY,STRONG_BUY,268.03,263.52,273.58,191.74,11.155367,11.9336605,1.02,1.8733531,-0.73,0.90249,2022-02-02 00:00:00,STRONG_BUY - 16|1|9,BUY - 15|1|10,STRONG_BUY - 16|0|10,STRONG_BUY - 16|0|10,Bullish  : 62.82,BUY,SELL,Bullish : 65.39,Bullish : 66.63,Strong Trend : 25.26,Bullish  : 73.03,Bullish : 8.54,Bullish : 2.76,Bullish : 3.11,Bullish : 2.66,63.61,270.59,24.027,22.46,Cigna Corporation,Watchlist,100,2.42,2.2,26802.999999999996,buy,18.697,-0.704,0.829,0.03364,0.111,72.62,0.484
SPDR Select Sector Fund - Utili,XLU,STRONG_BUY,STRONG_BUY,71.85,70.13,77.23,63.28,7.185,,,,,,,STRONG_BUY - 16|0|10,STRONG_BUY - 17|0|9,BUY - 15|2|9,STRONG_BUY - 16|1|9,Bullish  : 67.76,BUY,BUY,Overbrought : 94.56,Overbrought : 93.5,Strong Trend : 26.26,Bullish  : 128.47,Bullish : 1.59,Bullish : 2.84,Bullish : 0.43,Bearish : -0.12,66.47,69.36,,,SPDR Select Sector Fund - Utili,Index,100,,,7184.999999999999,,,,,,,,
Consumer Defensive,KO,STRONG_BUY,STRONG_BUY,64.38,62.91,67.2,52.28,31.698671,26.493826,3.97,12.537487,0.239,0.70774,2022-04-18 00:00:00,STRONG_BUY - 16|0|10,STRONG_BUY - 16|0|10,BUY - 13|3|10,STRONG_BUY - 16|1|9,Bullish  : 70.77,BUY,BUY,Overbrought : 89.51,Overbrought : 82.33,Weak Trend : 23.76,Bullish  : 128.86,Bullish : 1.52,Bullish : 1.35,Bullish : 0.55,Bullish : 0.3,67.23,62.19,2.031,2.43,Coca-Cola Company (The),Call,100,2.04,2.1,6438.0,buy,2.391,0.231,1.179,0.08089,0.42064,155.363,0.798
Utilities,PNW,STRONG_BUY,STRONG_BUY,74.68,73.12,86.87,62.78,14.808645,19.002544,183.3,1.3891628,,0.90052,2022-02-22 00:00:00,STRONG_BUY - 16|0|10,STRONG_BUY - 16|0|10,BUY - 16|2|8,BUY - 12|5|9,Bullish  : 65.04,BUY,BUY,Overbrought : 93.86,Overbrought : 91.62,Weak Trend : 24.38,Bullish  : 102.21,Bullish : 2.08,Bullish : 2.91,Bullish : 0.62,Bullish : 0.06,62.38,71.55,5.043,3.93,Pinnacle West Capital Corporati,Watchlist,100,3.19,3.5,7468.000000000001,hold,0.088,,0.883,0.0273,0.10802,135.923,0.295
Healthcare,UNH,STRONG_BUY,STRONG_BUY,517.4,513.63,553.29,383.12,32.114704,23.898384,1.51,6.935192,0.034,0.89621,2022-04-13 00:00:00,STRONG_BUY - 16|0|10,BUY - 15|3|8,BUY - 12|4|10,STRONG_BUY - 17|1|8,Bullish  : 64.75,BUY,SELL,Overbrought : 84.79,Overbrought : 86.51,Strong Trend : 31.83,Bullish  : 81.34,Bullish : 25.41,Bullish : 21.06,Bullish : 9.15,Bullish : 7.39,64.11,518.37,16.111,21.65,UnitedHealth Group Incorporated,Watchlist,100,1.56,1.8,51740.0,buy,29.765,0.037,0.783,0.070879996,0.24154,61.165,0.536
Communication Services,VZ,STRONG_BUY,BUY,51.64,50.75,56.85,45.55,10.046693,9.304504,2.62,2.5891201,-0.127,0.64318,2022-07-22 07:30:00,STRONG_BUY - 16|0|10,BUY - 14|2|10,BUY - 12|4|10,NEUTRAL - 9|8|9,Bullish  : 61.03,BUY,SELL,Bullish : 47.7,Bullish : 42.64,Weak Trend : 18.88,Bullish  : 106.4,Bullish : 0.47,Bullish : 0.68,Bullish : 0.23,Bullish : 0.17,62.34,52.0,5.14,5.55,Verizon Communications Inc.,Watchlist,100,1.9,2.7,5164.0,hold,0.426,-0.139,0.764,0.050619997,0.27811,214.05,0.561
Healthcare,ABBV,STRONG_BUY,STRONG_BUY,153.8,153.16,175.91,105.56,36.653957,11.009306,5.16,20.065231,0.264,0.70272005,2022-04-28 00:00:00,STRONG_BUY - 16|0|10,BUY - 14|2|10,NEUTRAL - 9|7|10,BUY - 15|1|10,Bullish  : 61.62,BUY,SELL,Bullish : 63.76,Bullish : 70.27,Strong Trend : 37.51,Bullish  : 54.16,Bullish : 6.77,Bullish : 1.35,Bullish : 2.42,Bullish : 2.19,60.03,156.39,4.196,13.97,AbbVie Inc.,Watchlist,100,1.52,2.1,15380.000000000002,buy,5.558,0.261,,,,502.701,
Industrials,SPCE,NEUTRAL,STRONG_SELL,6.28,6.02,52.76,5.14,,-4.8682175,-0.41,1.6666667,,0.35898,2022-02-23 00:00:00,SELL - 7|10|9,SELL - 4|12|10,SELL - 4|12|10,SELL - 3|13|10,Neutral : 50.08,SELL,SELL,Bullish : 45.07,Bullish : 36.53,Weak Trend : 12.96,Neutral : -11.46,Bearish : -0.2,Bearish : -0.28,Bearish : -0.06,Bearish : -0.06,54.72,6.62,-1.552,-1.29,Virgin Galactic Holdings. Inc.,Watchlist,100,4.67,3,628.0,hold,2.338,,5.159,-0.21327,-0.49657002,4.778,4.609
Consumer Cyclical,HYZN,STRONG_SELL,STRONG_SELL,2.95,2.94,11.37,2.82,,-16.38889,,1.8142681,,0.162,2021-11-12 00:00:00,SELL - 6|14|6,SELL - 6|10|10,NEUTRAL - 8|9|9,STRONG_SELL - 0|12|10,Bearish : 31.22,SELL,SELL,Oversold : 8.42,Oversold : 8.28,Weak Trend : 24.14,Bearish : -101.29,Bearish : -0.68,Bearish : -0.62,Bearish : -0.28,Bearish : -0.25,45.27,3.48,0,-0.18,Hyzon Motors Inc.,Watchlist,100,7.04,2.2,295.0,buy,1.796,,15.87,-0.19951999,-0.10028,2.897,14.456
Consumer Cyclical,RMO,STRONG_SELL,STRONG_SELL,0.45,0.45,7.77,0.44,0.8801942,-0.51511365,,0.19388366,,0.33661,2022-03-28 00:00:00,SELL - 6|14|6,SELL - 4|14|8,SELL - 3|14|9,SELL - 3|12|9,Bearish : 36.16,SELL,SELL,Oversold : 6.54,Oversold : 4.95,Strong Trend : 32.28,Bearish : -101.6,Bearish : -0.09,Bearish : -0.09,Bearish : -0.05,Bearish : -0.05,36.05,0.61,0.515,-0.88,Romeo Power. Inc.,Call,100,3.93,2.3,45.0,buy,0.892,,7.583,-0.21203,0.04225,9.671,5.605
Consumer Cyclical,KMX,SELL,STRONG_SELL,92.67,90.48,155.98,84.37,12.766221,12.659836,0.95,2.9356606,-0.239,1.0343,2022-03-30 00:00:00,SELL - 6|12|8,SELL - 6|12|8,BUY - 11|5|10,SELL - 1|15|10,Neutral : 49.53,SELL,SELL,Bullish : 31.48,Bullish : 30.66,Weak Trend : 15.74,Neutral : 4.08,Bearish : -1.25,Bearish : -5.75,Bearish : -0.16,Bearish : -0.04,46.75,100.26,7.259,7.32,CarMax Inc,Watchlist,100,5.99,2,9267.0,buy,0.64,-0.234,3.199,0.04013,0.23985,371.129,0.324
Communication Services,NFLX,SELL,STRONG_SELL,179.95,174.87,700.99,162.71,16.224867,13.747135,1.29,5.2047777,-0.064,0.83039004,2022-04-18 00:00:00,SELL - 6|10|10,STRONG_SELL - 1|16|9,NEUTRAL - 7|9|10,SELL - 2|14|10,Neutral : 48.8,SELL,SELL,Bullish : 31.09,Bullish : 29.79,Weak Trend : 17.28,Neutral : -15.51,Bearish : -4.02,Bearish : -10.98,Bearish : -1.51,Bearish : -1.35,51.83,189.08,11.091,13.09,Netflix. Inc.,Watchlist,100,0.66,2.7,17995.0,hold,13.525,-0.059,1.046,0.09078,0.3291,98.606,0.883
Financial Services,MS,NEUTRAL,STRONG_SELL,76.75,76.06,109.73,72.23,9.7995405,0.5003912,0,1.4066309,-0.11,0.64122003,2022-04-14 00:00:00,SELL - 6|10|10,SELL - 4|12|10,NEUTRAL - 8|8|10,SELL - 5|13|8,Neutral : 48.21,BUY,BUY,Bullish : 45.46,Bullish : 46.37,Weak Trend : 24.41,Neutral : 23.7,Bearish : -0.24,Bearish : -1.08,Bearish : -0.32,Bearish : -0.54,48.07,74.68,7.832,153.38,Morgan Stanley,Watchlist,100,2.09,,7675.0,none,324.61,-0.078,,,,335.26,
Consumer Cyclical,AMZN,SELL,STRONG_SELL,109.56,106.21,188.65,101.26,51.19626,41.033707,3.54,8.315749,,0.60701,2022-07-27 10:59:00,SELL - 6|10|10,SELL - 3|13|10,SELL - 3|13|10,SELL - 1|15|10,Neutral : 49.0,SELL,SELL,Bullish : 35.28,Bullish : 29.17,Weak Trend : 16.88,Neutral : -16.36,Bearish : -2.27,Bearish : -7.14,Bearish : -0.89,Bearish : -0.8,54.54,113.12,2.14,2.67,Amazon.com. Inc.,Watchlist,100,1.17,1.8,10956.0,buy,6.525,,0.96,0.03395,0.18045999,109.9,0.707
Technology,SHOP,OVERSOLD,STRONG_SELL,31.41,31.24,176.29,29.76,1.1635487,3.5856164,-21877,0.34689552,,0.71652,2022-04-26 00:00:00,SELL - 5|16|5,SELL - 3|15|8,SELL - 2|14|10,SELL - 2|14|10,Oversold : 14.89,SELL,SELL,Oversold : 0.13,Oversold : 0.14,Strong Trend : 36.12,Bearish : -111.54,Bearish : -257.2,Bearish : -354.09,Bearish : -82.31,Bearish : -47.89,9.82,291.45,26.995,8.76,Shopify Inc.,Watchlist,100,1.52,2.7,3141.0,hold,61.846,,12.152,0.0177,0.33246,10.54,11.365
Communication Services,GOOG,STRONG_SELL,STRONG_SELL,2181.62,2187.45,3042.0,2044.16,20.313036,16.543718,1.37,5.6580663,-0.083,0.65086,,SELL - 5|14|7,STRONG_SELL - 1|16|9,SELL - 2|15|9,SELL - 2|14|10,Bearish : 42.78,SELL,SELL,Oversold : 12.42,Oversold : 17.14,Weak Trend : 19.41,Bearish : -106.25,Bearish : -44.9,Bearish : -189.98,Bearish : -12.96,Bearish : -0.36,45.31,2314.46,107.4,131.87,Alphabet Inc.,Watchlist,100,1.21,1.5,218162.0,strong_buy,203.447,-0.063,2.871,0.15049,0.308,11.26,2.738
Financial Services,SOFI,NEUTRAL,NEUTRAL,5.41,5.27,24.65,4.82,,-18.033333,-0.29,1.0259814,,0.34104002,2021-11-10 00:00:00,SELL - 5|14|7,STRONG_BUY - 16|0|10,NEUTRAL - 8|9|9,SELL - 2|10|10,Bearish : 39.45,SELL,SELL,Oversold : 13.86,Oversold : 13.66,Weak Trend : 17.25,Bearish : -105.89,Bearish : -0.43,Bearish : -0.7,Bearish : -0.21,Bearish : -0.2,48.16,5.87,-1.769,-0.3,SoFi Technologies. Inc.,Watchlist,100,2.95,2.2,541.0,buy,0.597,,23.116,-0.05456,-0.124230005,89.309,22.195
Communication Services,CURI,STRONG_SELL,STRONG_SELL,1.7,1.69,14.95,1.42,,-4.146342,0.02,0.608229,,0.17933,2022-08-08 10:59:00,SELL - 5|14|7,SELL - 2|15|9,SELL - 2|15|9,SELL - 1|13|10,Bearish : 41.86,SELL,SELL,Oversold : 6.01,Oversold : 5.31,Strong Trend : 25.96,Bearish : -111.84,Bearish : -0.12,Bearish : -0.35,Bearish : -0.03,Bullish : 0.01,40.3,2.08,-0.948,-0.41,CuriosityStream Inc.,Call,100,4.77,2.3,170.0,buy,1.568,,2.213,-0.16422,-0.21485001,3.325,2.076
Technology,HPE,NEUTRAL,NEUTRAL,12.96,13.26,17.76,12.73,5.023256,5.944954,1.21,0.84035796,1.3,0.84219,2022-02-28 00:00:00,SELL - 5|14|7,BUY - 15|3|8,SELL - 2|14|10,STRONG_SELL - 0|16|10,Bearish : 34.2,SELL,SELL,Oversold : 12.04,Oversold : 12.23,Strong Trend : 26.67,Bearish : -153.29,Bearish : -0.71,Bearish : -1.1,Bearish : -0.31,Bearish : -0.25,34.08,14.07,2.58,2.18,Hewlett Packard Enterprise Comp,Watchlist,100,3.34,2.4,1296.0,buy,2.211,1.294,0.945,0.02575,0.20298,69.099,0.543
SPDR S&P Retail ETF,XRT,NEUTRAL,NEUTRAL,58.73,58.16,104.31,57.35,4.116781,,,,,,,SELL - 5|14|7,BUY - 12|4|10,SELL - 2|14|10,STRONG_SELL - 0|16|10,Bearish : 36.98,SELL,SELL,Oversold : 12.95,Oversold : 12.42,Weak Trend : 21.86,Bearish : -110.45,Bearish : -3.32,Bearish : -5.84,Bearish : -1.16,Bearish : -0.84,41.94,64.18,,,SPDR S&P Retail ETF,Index,100,,,5873.0,,,,,,,,
Technology,WDC,NEUTRAL,STRONG_SELL,43.42,44.83,72.15,41.63,9.083681,4.8351893,0.35,1.1885796,-0.873,0.83294,2022-04-27 00:00:00,SELL - 5|13|8,SELL - 6|10|10,STRONG_BUY - 16|1|9,STRONG_SELL - 0|16|10,Bearish : 28.99,BUY,SELL,Bullish : 20.61,Bullish : 20.59,Strong Trend : 37.05,Bearish : -183.13,Bearish : -4.56,Bearish : -3.65,Bearish : -2.09,Bearish : -2.11,42.09,47.59,4.78,8.98,Western Digital Corporation,Watchlist,100,1.75,2,4342.0,buy,8.003,-0.873,2.087,0.064959995,0.16605,59.763,1.105
Energy,XOM,NEUTRAL,SELL,87.55,85.64,105.57,52.1,,14.889456,0.45,2.3080778,1.007,0.56797004,2022-04-28 00:00:00,SELL - 5|11|10,SELL - 5|12|9,STRONG_BUY - 16|0|10,BUY - 13|4|9,Bearish : 43.46,BUY,SELL,Bullish : 31.31,Bullish : 29.55,Weak Trend : 21.99,Neutral : -35.22,Bearish : -5.77,Bullish : 0.58,Bearish : -1.86,Bearish : -1.98,41.79,92.74,-1.386,5.88,Exxon Mobil Corporation,Watchlist,100,1.45,2.5,8755.0,buy,2.629,1.003,1.072,0.06097,0.1559,26.929,0.739
Healthcare,OGN,SELL,SELL,34.25,33.75,39.48,28.42,5.732218,5.8848796,-1.28,,-0.451,0.75063,2021-11-11 00:00:00,SELL - 5|11|10,SELL - 4|14|8,BUY - 15|2|9,NEUTRAL - 6|7|9,Neutral : 45.91,SELL,SELL,Bullish : 27.55,Bullish : 34.77,Weak Trend : 20.58,Neutral : -15.17,Bearish : -0.41,Bearish : -1.61,Bearish : -0.22,Bearish : -0.22,48.7,35.6,5.975,5.82,Organon & Co.,Watchlist,100,4.35,2.5,3425.0,buy,2.906,-0.453,1.448,0.10925,0.67924005,,0.866
Industrials,UAL,NEUTRAL,STRONG_SELL,36.44,35.42,54.52,30.54,,19.280422,-0.51,2.1726687,,0.58945,2022-04-18 00:00:00,SELL - 5|11|10,SELL - 2|15|9,SELL - 2|14|10,SELL - 2|15|9,Bearish : 44.83,BUY,SELL,Bullish : 36.21,Bullish : 29.25,Weak Trend : 23.72,Neutral : -11.1,Bearish : -2.34,Bearish : -2.08,Bearish : -1.03,Bearish : -1.21,52.29,39.01,-10.198,1.89,United Airlines Holdings. Inc.,Watchlist,100,1.37,2.4,3644.0,buy,57.169,,1.038,-0.025880001,-0.44938,1111.976,0.952
Basic Materials,CLF,NEUTRAL,NEUTRAL,15.76,15.37,34.04,14.75,3.8693838,2.7125647,0.13,1.9722188,18.537,0.60046,2022-04-20 00:00:00,SELL - 5|11|10,NEUTRAL - 9|7|10,SELL - 4|13|9,SELL - 4|12|10,Bearish : 35.6,BUY,SELL,Bullish : 33.9,Bullish : 29.71,Strong Trend : 39.73,Bearish : -56.95,Bearish : -2.02,Bearish : -0.72,Bearish : -0.97,Bearish : -1.14,50.63,16.76,4.073,5.81,Cleveland-Cliffs Inc.,Watchlist,100,1.41,2.2,1576.0,buy,0.067,20.455,2.282,0.17875999,0.75231004,76.09,0.72
Technology,AMD,STRONG_SELL,STRONG_SELL,73.67,76.47,164.46,72.69,22.723625,22.056887,0.6,12.5118885,-0.453,0.64959,2022-04-25 00:00:00,SELL - 4|15|7,SELL - 2|15|9,SELL - 5|11|10,SELL - 1|15|10,Bearish : 27.6,SELL,SELL,Oversold : 6.15,Oversold : 9.16,Strong Trend : 27.25,Bearish : -160.89,Bearish : -10.16,Bearish : -13.44,Bearish : -4.21,Bearish : -3.66,37.63,83.56,3.242,3.34,Advanced Micro Devices. Inc.,Watchlist,100,0.34,2.2,7367.0,buy,3.008,-0.454,2.024,0.21327,0.47428,9.764,1.49
Technology,TSM,OVERSOLD,STRONG_SELL,77.0,81.75,145.0,76.18,19.274094,15.587045,2.05,0.19235334,0.451,0.17299,,SELL - 4|15|7,SELL - 1|15|10,SELL - 3|13|10,STRONG_SELL - 0|16|10,Oversold : 23.39,SELL,SELL,Oversold : 11.88,Oversold : 17.53,Weak Trend : 22.5,Oversold : -238.02,Bearish : -5.73,Bearish : -8.93,Bearish : -2.4,Bearish : -1.75,32.25,85.7,3.995,4.94,Taiwan Semiconductor Manufactur,CashAndSpread,100,1.69,2,7700.0,buy,232.298,0.451,,,,34.819,
Technology,AMAT,STRONG_SELL,STRONG_SELL,86.27,90.98,167.06,84.46,13.479687,9.748022,0.84,6.2833214,0.586,0.79559,2022-02-16 00:00:00,SELL - 4|15|7,SELL - 1|15|10,SELL - 3|13|10,SELL - 1|15|10,Bearish : 29.81,SELL,SELL,Oversold : 11.39,Oversold : 16.77,Strong Trend : 31.22,Bearish : -185.05,Bearish : -6.99,Bearish : -11.1,Bearish : -3.34,Bearish : -2.93,36.87,96.36,6.4,8.85,Applied Materials. Inc.,Watchlist,100,1.48,2.1,8627.0,buy,6.494,0.639,2.508,0.1991,0.56071997,48.419,1.647
Technology,NXPI,STRONG_SELL,STRONG_SELL,146.09,148.03,239.91,143.34,18.21571,10.302538,0.98,5.6242537,0.861,0.92460996,2022-07-25 20:00:00,SELL - 4|14|8,SELL - 6|11|9,BUY - 14|4|8,SELL - 1|15|10,Bearish : 31.43,SELL,SELL,Oversold : 11.23,Oversold : 11.76,Weak Trend : 22.4,Bearish : -133.16,Bearish : -15.3,Bearish : -13.23,Bearish : -6.14,Bearish : -5.76,37.15,161.15,8.02,14.18,NXP Semiconductors N.V.,Watchlist,100,2.35,2.2,14609.0,buy,10.218,0.984,1.854,0.09066,0.28899,156.405,1.268
Technology,HPQ,STRONG_SELL,STRONG_SELL,31.87,32.78,41.47,26.11,5.9793625,7.2762556,2.4,,0.017,0.77942,2022-02-23 00:00:00,SELL - 4|14|8,SELL - 3|14|9,SELL - 5|12|9,SELL - 4|13|9,Bearish : 31.01,SELL,SELL,Oversold : 5.96,Oversold : 6.7,Weak Trend : 21.5,Bearish : -175.47,Bearish : -1.7,Bearish : -3.39,Bearish : -0.8,Bearish : -0.61,32.6,35.06,5.33,4.38,HP Inc.,Watchlist,100,3.55,2.9,3187.0,hold,3.207,0.193,0.743,0.09852,,,0.4
Technology,CSCO,STRONG_SELL,STRONG_SELL,42.6,42.64,64.29,41.02,14.947369,12,1.97,4.375064,0.063,0.75209,2022-02-07 10:59:00,SELL - 4|14|8,SELL - 2|15|9,SELL - 3|14|9,STRONG_SELL - 1|16|9,Bearish : 40.99,SELL,BUY,Bullish : 23.92,Bullish : 21.73,Weak Trend : 15.69,Bearish : -114.26,Bearish : -1.0,Bearish : -1.48,Bearish : -0.44,Bearish : -0.37,47.27,41.48,2.85,3.55,Cisco Systems. Inc.,Watchlist,100,1.45,2.5,4260.0,buy,4.856,0.076,1.49,0.09498,0.29790002,25.985,1.23
Consumer Cyclical,LCID,STRONG_SELL,STRONG_SELL,17.0,17.16,57.75,13.25,,-15.044248,0.17,5.760759,,0.68732,2021-11-15 00:00:00,SELL - 4|14|8,SELL - 2|15|9,SELL - 2|14|10,STRONG_SELL - 0|12|10,Bearish : 42.91,SELL,SELL,Oversold : 14.4,Oversold : 16.15,Weak Trend : 15.13,Bearish : -88.79,Bearish : -0.64,Bearish : -2.22,Bearish : -0.24,Bearish : -0.1,42.94,19.37,-12.567,-1.13,Lucid Group. Inc.,Watchlist,100,5.67,2.4,1700.0,buy,3.788,,16.428,-0.20605,-1.0135399,56.498,15.819
Technology,EPAM,STRONG_SELL,STRONG_SELL,302.12,294.78,725.4,168.59,41.897102,27.047447,1.77,7.3244762,0.663,0.92961,2022-02-16 00:00:00,SELL - 4|14|8,SELL - 2|15|9,SELL - 3|13|10,SELL - 2|14|10,Neutral : 45.85,SELL,SELL,Oversold : 18.87,Oversold : 18.02,Weak Trend : 18.53,Bearish : -56.09,Bearish : -6.52,Bearish : -23.02,Bearish : -2.44,Bearish : -0.75,48.67,320.2,7.211,11.17,EPAM Systems. Inc.,Watchlist,100,1.85,1.7,30212.0,buy,25.434,0.644,2.973,0.109280005,0.21508,9.582,2.902
Industrials,CAT,NEUTRAL,STRONG_SELL,178.29,178.76,237.9,173.72,14.957214,12.798994,0.58,5.572259,0.005,0.7065,2022-07-28 06:30:00,SELL - 4|14|8,SELL - 2|14|10,BUY - 10|6|10,SELL - 3|13|10,Bearish : 29.69,BUY,SELL,Oversold : 19.71,Bullish : 20.35,Strong Trend : 33.24,Bearish : -100.78,Bearish : -17.61,Bearish : -7.19,Bearish : -6.83,Bearish : -6.87,38.87,191.72,11.92,13.93,Caterpillar. Inc.,Watchlist,100,2.01,2.4,17829.0,buy,12.14,0.032,1.441,0.06301,0.38554,219.828,0.863
SPDR S&P Oil & Gas Explor & Pro,XOP,NEUTRAL,SELL,120.92,119.48,170.62,71.48,2.7884881,-12092,,,,,,SELL - 4|13|9,SELL - 4|13|9,STRONG_BUY - 16|0|10,NEUTRAL - 9|9|8,Bearish : 34.55,BUY,SELL,Oversold : 19.96,Oversold : 19.89,Strong Trend : 37.91,Bearish : -85.26,Bearish : -17.56,Bearish : -0.96,Bearish : -6.38,Bearish : -6.65,40.34,131.67,,,SPDR S&P Oil & Gas Explor & Pro,Index,100,,,12092.0,,,,,,,,
SPDR S&P Telecom ETF,XTL,SELL,STRONG_SELL,78.19,77.77,103.94,74.18,,,,,,,,SELL - 4|13|9,SELL - 3|13|10,NEUTRAL - 7|9|10,SELL - 3|15|8,Neutral : 46.33,SELL,SELL,Oversold : 17.32,Bullish : 20.4,Weak Trend : 17.34,Neutral : -26.96,Bearish : -0.92,Bearish : -2.44,Bearish : -0.49,Bearish : -0.46,40.59,80.62,,,SPDR S&P Telecom ETF,Index,100,,,7819.0,,,,,,,,
SPDR Select Sector Fund - Consu,XLY,SELL,STRONG_SELL,140.01,137.48,215.06,133.04,2.1581502,,,,,,,SELL - 4|13|9,SELL - 3|13|10,SELL - 2|14|10,SELL - 2|15|9,Neutral : 46.34,SELL,SELL,Bullish : 28.35,Bullish : 24.65,Weak Trend : 19.39,Neutral : -29.44,Bearish : -3.3,Bearish : -6.98,Bearish : -1.34,Bearish : -1.29,50.76,145.33,,,SPDR Select Sector Fund - Consu,Index,100,,,14001.0,,,,,,,,
Financial Services,COF,NEUTRAL,STRONG_SELL,106.82,104.19,177.95,98.54,3.9949138,5.531849,-0.84,0.797694,-0.277,0.93272,2022-04-25 00:00:00,SELL - 4|13|9,SELL - 2|14|10,SELL - 5|11|10,SELL - 3|14|9,Neutral : 45.13,BUY,SELL,Bullish : 33.42,Bullish : 29.53,Weak Trend : 18.71,Neutral : -14.88,Bearish : -3.87,Bearish : -3.28,Bearish : -1.83,Bearish : -2.13,45.58,112.68,26.739,19.31,Capital One Financial Corporati,Watchlist,100,2.01,2.2,10682.0,buy,67.178,-0.2,,0.026689999,0.19518,,
Technology,CTSH,NEUTRAL,STRONG_SELL,68.03,67.49,93.47,65.24,19.190409,15.050885,1.55,3.0933974,0.823,0.94297,2022-02-01 00:00:00,SELL - 4|12|10,SELL - 3|14|9,SELL - 3|13|10,SELL - 4|15|7,Neutral : 45.35,BUY,SELL,Bullish : 21.28,Bullish : 24.62,Weak Trend : 23.29,Neutral : -25.35,Bearish : -0.89,Bearish : -2.25,Bearish : -0.52,Bearish : -0.58,50.97,70.37,3.545,4.52,Cognizant Technology Solutions ,Watchlist,100,2.01,2.4,6803.0,buy,5.184,0.853,2.08,0.1009,0.18722999,13.802,1.866
Financial Services,STT,NEUTRAL,STRONG_SELL,63.38,61.65,104.87,60.54,9.338441,7.527316,0.77,0.91457427,0.164,0.91837996,2022-04-14 00:00:00,SELL - 4|12|10,SELL - 3|14|9,NEUTRAL - 7|9|10,SELL - 3|15|8,Neutral : 45.78,BUY,SELL,Bullish : 31.49,Bullish : 29.0,Weak Trend : 14.7,Neutral : -25.16,Bearish : -1.83,Bearish : -2.89,Bearish : -0.77,Bearish : -0.79,47.22,66.5,6.787,8.42,State Street Corporation,Watchlist,100,1.76,2.3,6338.0,buy,314.149,0.146,,0.0086900005,0.10845,,
Financial Services,C,NEUTRAL,STRONG_SELL,46.87,45.99,74.64,45.26,4.4392877,5.9707007,-0.7,0.50854445,-0.458,0.79602,2022-07-15 00:00:00,SELL - 4|12|10,SELL - 2|15|9,BUY - 11|6|9,STRONG_SELL - 1|16|9,Neutral : 45.87,BUY,SELL,Bullish : 30.3,Bullish : 27.87,Weak Trend : 14.56,Neutral : -31.36,Bearish : -1.06,Bearish : -0.99,Bearish : -0.53,Bearish : -0.58,50.48,48.88,10.558,7.85,Citigroup. Inc.,BullSpread,100,1.94,2.4,4687.0,buy,502.34,-0.443,,0.0078,0.09146,,
Healthcare,VTRS,SELL,STRONG_SELL,10.71,10.47,15.6,9.66,,2.8790321,-2.4,0.6126652,,0.75393,2021-11-08 00:00:00,SELL - 4|12|10,SELL - 2|14|10,BUY - 13|3|10,SELL - 3|13|10,Neutral : 46.38,SELL,SELL,Bullish : 26.47,Oversold : 19.54,Weak Trend : 19.62,Neutral : -20.09,Bearish : -0.26,Bearish : -0.26,Bearish : -0.11,Bearish : -0.11,41.79,11.14,-1.715,3.72,Viatris Inc.,Watchlist,100,1.85,2.6,1071.0,hold,0.653,,1.103,0.03186,-0.05842,113.982,0.512
Financial Services,LMND,SELL,STRONG_SELL,18.73,18.26,107.36,15.99,,-4.1901565,0.2,1.1011816,,0.37396,2022-02-28 00:00:00,SELL - 3|15|8,SELL - 4|12|10,NEUTRAL - 7|9|10,SELL - 4|11|9,Neutral : 49.18,SELL,SELL,Bullish : 43.77,Bullish : 37.43,Weak Trend : 15.44,Neutral : -1.34,Bearish : -0.2,Bearish : -1.25,Bearish : -0.09,Bearish : -0.07,46.05,19.96,-3.414,-4.47,Lemonade. Inc.,Watchlist,100,12.11,3.2,1873.0,hold,6.176,,1.604,-0.12483,-0.31559,2.257,1.08
Technology,U,STRONG_SELL,STRONG_SELL,37.54,36.82,210.0,29.09,,-288.76926,-2.02,5.4524326,,0.75427,2022-02-02 00:00:00,SELL - 3|15|8,SELL - 3|13|10,SELL - 2|14|10,SELL - 1|11|10,Bearish : 43.79,SELL,SELL,Oversold : 10.48,Oversold : 12.01,Weak Trend : 16.58,Bearish : -64.35,Bearish : -1.21,Bearish : -9.26,Bearish : -0.37,Bullish : 0.19,37.66,44.75,-1.633,-0.13,Unity Software Inc.,Watchlist,100,4.09,1.8,3754.0,buy,5.907,,3.439,-0.07788,-0.24037,75.982,3.321
Technology,INTC,STRONG_SELL,STRONG_SELL,36.34,37.41,57.46,35.88,6.036545,10.150838,3.31,1.4407486,1.414,0.63824004,2022-07-20 20:00:00,SELL - 3|15|8,SELL - 2|15|9,SELL - 2|14|10,SELL - 3|15|8,Bearish : 34.35,SELL,SELL,Oversold : 17.51,Bullish : 25.29,Weak Trend : 22.04,Bearish : -164.26,Bearish : -1.23,Bearish : -2.27,Bearish : -0.74,Bearish : -0.72,41.64,38.63,6.02,3.58,Intel Corporation,Watchlist,100,2.32,2.9,3634.0000000000005,hold,9.463,1.415,2.134,0.07382,0.26915002,36.114,1.588
Technology,NVDA,STRONG_SELL,STRONG_SELL,145.23,151.59,346.47,143.92,38.946095,22.51628,1.22,13.816954,-0.154,0.65971,2022-08-16 10:59:00,SELL - 3|15|8,SELL - 2|15|9,SELL - 3|13|10,SELL - 2|14|10,Bearish : 31.58,SELL,SELL,Oversold : 5.86,Oversold : 10.61,Weak Trend : 21.38,Bearish : -163.66,Bearish : -13.55,Bearish : -26.16,Bearish : -5.64,Bearish : -4.08,38.45,166.74,3.729,6.45,NVIDIA Corporation,Watchlist,100,0.54,2,14522.999999999998,buy,8.135,-0.158,5.317,0.18593,0.41948003,45.008,4.634
Consumer Cyclical,DKNG,STRONG_SELL,STRONG_SELL,11.77,11.67,64.58,9.77,,-4.784553,0.44,2.6126525,,,2022-02-24 00:00:00,SELL - 3|15|8,SELL - 2|15|9,NEUTRAL - 9|7|10,SELL - 2|12|10,Bearish : 41.91,SELL,SELL,Oversold : 8.66,Oversold : 12.16,Weak Trend : 16.87,Bearish : -86.41,Bearish : -0.61,Bearish : -2.4,Bearish : -0.21,Bearish : -0.07,39.25,13.97,-3.618,-2.46,DraftKings Inc.,Watchlist,100,2.15,2.3,1177.0,buy,5.268,,2.962,-0.25576,-0.70684,78.557,2.366
Technology,ACN,SELL,STRONG_SELL,280.65,277.65,417.37,268.17,29.19484,26.856459,2.05,8.715838,0.135,0.74403,2022-03-16 00:00:00,SELL - 3|15|8,SELL - 2|14|10,SELL - 3|13|10,SELL - 2|14|10,Bearish : 44.92,SELL,SELL,Oversold : 16.09,Oversold : 14.91,Weak Trend : 17.4,Neutral : -43.69,Bearish : -5.39,Bearish : -18.98,Bearish : -2.09,Bearish : -1.39,48.89,295.96,9.613,10.45,Accenture plc,Watchlist,100,1.62,,28064.999999999996,none,8.639,0.139,1.235,0.12712,0.32422,16.794,1.098
Technology,AFRM,STRONG_SELL,STRONG_SELL,17.19,18.06,176.65,13.64,,-14.325,0.29,2.0081775,,0.81068003,2022-02-09 00:00:00,SELL - 3|15|8,SELL - 2|14|10,SELL - 4|13|9,SELL - 1|11|10,Bearish : 36.35,SELL,SELL,Oversold : 5.85,Oversold : 7.65,Weak Trend : 20.3,Bearish : -118.24,Bearish : -1.72,Bearish : -6.08,Bearish : -0.85,Bearish : -0.51,34.81,22.46,-3.626,-1.2,Affirm Holdings. Inc.,Watchlist,100,2.34,2.6,1719.0000000000002,hold,9.026,,27.556,-0.08665,-0.50303,164.928,24.526
Technology,SONY,STRONG_SELL,STRONG_SELL,81.68,81.77,133.75,79.94,12.493117,12.118695,1.81,0.014320707,0.114,0.07928,,SELL - 3|15|8,SELL - 1|15|10,NEUTRAL - 8|10|8,STRONG_SELL - 1|16|9,Bearish : 36.12,SELL,SELL,Bullish : 26.2,Bullish : 27.47,Weak Trend : 23.79,Bearish : -134.55,Bearish : -3.05,Bearish : -3.97,Bearish : -1.28,Bearish : -1.19,50.64,84.7,6.538,6.74,Sony Group Corporation,Watchlist,100,1.1,1.2,8168.000000000001,strong_buy,890.114,0.113,0.645,0.02392,0.15341,38.699,0.485
VanEck Semiconductor ETF,SMH,STRONG_SELL,STRONG_SELL,195.99,203.73,318.82,193.62,,,,,,,,SELL - 3|15|8,SELL - 1|15|10,SELL - 3|13|10,SELL - 2|14|10,Bearish : 30.69,SELL,SELL,Oversold : 10.3,Oversold : 16.2,Strong Trend : 25.1,Bearish : -183.63,Bearish : -12.31,Bearish : -20.2,Bearish : -5.53,Bearish : -4.67,38.63,215.42,,,VanEck Semiconductor ETF,Index,100,,,19599.0,,,,,,,,
Technology,MU,STRONG_SELL,STRONG_SELL,53.65,55.28,98.45,51.4,8.303668,4.6611643,0.24,1.3077073,2.753,0.82324,2022-03-29 00:00:00,SELL - 3|14|9,STRONG_SELL - 1|16|9,SELL - 3|14|9,STRONG_SELL - 1|16|9,Bearish : 32.22,SELL,SELL,Oversold : 19.51,Bullish : 20.85,Strong Trend : 31.92,Bearish : -149.16,Bearish : -4.14,Bearish : -4.82,Bearish : -1.99,Bearish : -1.96,43.34,59.39,6.461,11.51,Micron Technology. Inc.,Cash,100,1.07,1.9,5365.0,buy,9.064,2.774,3.108,0.11111,0.20391001,16.029,2.241
Consumer Cyclical,F,STRONG_SELL,STRONG_SELL,11.32,11.13,25.87,10.9,15.876577,5.688442,0.09,1.2362127,,0.59564996,2022-04-26 00:00:00,SELL - 3|14|9,STRONG_SELL - 1|16|9,SELL - 3|13|10,SELL - 3|14|9,Bearish : 39.06,SELL,SELL,Oversold : 18.38,Oversold : 17.79,Weak Trend : 23.7,Bearish : -71.35,Bearish : -0.7,Bearish : -0.7,Bearish : -0.29,Bearish : -0.28,40.32,12.24,0.713,1.99,Ford Motor Company,Watchlist,100,1.72,2.8,1132.0,hold,7.118,,1.175,0.02266,0.29166,300.774,0.963
Consumer Cyclical,ROST,STRONG_SELL,STRONG_SELL,71.38,70.23,127.58,69.24,15.986561,13.317163,0.49,6.338128,0.541,0.88989997,2022-02-28 00:00:00,SELL - 3|14|9,SELL - 5|14|7,SELL - 3|14|9,STRONG_SELL - 0|16|10,Bearish : 37.42,SELL,SELL,Oversold : 15.66,Oversold : 12.78,Weak Trend : 23.42,Bearish : -94.14,Bearish : -4.24,Bearish : -6.18,Bearish : -1.81,Bearish : -1.66,44.8,78.04,4.465,5.36,Ross Stores. Inc.,Watchlist,100,2.12,2.2,7138.0,buy,14.028,0.575,1.773,0.11063,0.46869,138.475,1.199
Consumer Cyclical,GPS,STRONG_SELL,STRONG_SELL,8.49,8.24,33.45,8.17,6.4172335,4.2878785,0.47,1.1392914,,0.61855,2022-03-02 00:00:00,SELL - 3|14|9,SELL - 4|14|8,SELL - 5|14|7,SELL - 3|14|9,Bearish : 39.08,SELL,SELL,Oversold : 13.86,Oversold : 13.72,Strong Trend : 28.73,Bearish : -90.44,Bearish : -0.71,Bearish : -0.97,Bearish : -0.32,Bearish : -0.31,41.14,9.37,1.323,1.98,Gap. Inc. (The),Watchlist,100,2.15,2.8,849.0,hold,2.372,,1.267,0.03859,0.09595,229.647,0.313
Consumer Cyclical,HMC,STRONG_SELL,STRONG_SELL,24.21,24.15,33.42,23.73,5.438005,7.8859935,,0.0043967827,-0.321,0.05051,,SELL - 3|14|9,SELL - 3|14|9,SELL - 1|15|10,STRONG_SELL - 0|16|10,Bearish : 42.47,SELL,SELL,Bullish : 24.94,Bullish : 21.98,Weak Trend : 12.95,Bearish : -92.54,Bearish : -0.5,Bearish : -0.84,Bearish : -0.18,Bearish : -0.12,49.38,25.03,4.452,3.07,Honda Motor Company. Ltd.,Cash,100,1.19,1,2421.0,strong_buy,1810.993,-0.317,1.376,0.0257,0.09024,78.762,0.984
Basic Materials,MT,NEUTRAL,STRONG_SELL,22.89,22.6,37.87,21.89,2.1952622,2.7056737,-0.11,0.47173506,2.351,0.06084,2017-02-21 00:00:00,SELL - 3|14|9,SELL - 3|14|9,BUY - 13|4|9,SELL - 3|14|9,Bearish : 29.11,BUY,SELL,Bullish : 27.62,Bullish : 24.0,Strong Trend : 44.87,Bearish : -86.92,Bearish : -3.08,Bearish : -1.06,Bearish : -1.34,Bearish : -1.42,49.26,24.66,10.427,8.46,Arcelor Mittal NY Registry Shar,Cash,100,1.45,1.8,2289.0,buy,4.627,2.892,1.446,0.12109,0.33992,16.362,0.444
Consumer Cyclical,PTRA,STRONG_SELL,STRONG_SELL,4.63,4.64,17.25,4.35,,-8.735849,0.03,1.3949986,,0.58987,2021-11-10 00:00:00,SELL - 3|14|9,SELL - 3|14|9,NEUTRAL - 7|9|10,SELL - 1|12|9,Bearish : 33.49,SELL,SELL,Oversold : 16.82,Oversold : 13.75,Weak Trend : 23.69,Bearish : -78.48,Bearish : -0.92,Bearish : -0.65,Bearish : -0.35,Bearish : -0.3,41.33,5.17,-3.461,-0.53,Proterra Inc,Watchlist,100,5.97,2.3,463.0,buy,2.972,,9.641,-0.114209995,-0.62925,18.903,8.091
Invesco QQQ Trust. Series 1,QQQ,SELL,STRONG_SELL,282.13,280.28,408.71,269.28,3.3117347,,,,,,,SELL - 3|14|9,SELL - 3|13|10,SELL - 3|13|10,SELL - 5|12|9,Neutral : 45.33,SELL,SELL,Bullish : 22.23,Bullish : 24.14,Weak Trend : 19.97,Neutral : -42.29,Bearish : -4.28,Bearish : -12.86,Bearish : -2.0,Bearish : -1.9,51.7,293.63,,,Invesco QQQ Trust. Series 1,Index,100,,,28213.0,,,,,,,,
SPDR S&P Metals & Mining ETF,XME,STRONG_SELL,STRONG_SELL,43.61,43.4,66.63,38.65,,,,,,,,SELL - 3|14|9,SELL - 2|16|8,NEUTRAL - 8|8|10,SELL - 5|12|9,Bearish : 35.58,SELL,SELL,Oversold : 19.48,Bullish : 20.55,Strong Trend : 31.22,Bearish : -100.79,Bearish : -3.83,Bearish : -2.5,Bearish : -1.58,Bearish : -1.57,45.09,47.33,,,SPDR S&P Metals & Mining ETF,Index,100,,,4361.0,,,,,,,,
Financial Services,PYPL,STRONG_SELL,STRONG_SELL,71.4,69.84,310.16,67.58,23.564358,14.875,1.26,4.023442,-0.536,0.75191003,2022-07-26 10:59:00,SELL - 3|14|9,SELL - 2|14|10,SELL - 4|12|10,SELL - 2|14|10,Bearish : 41.76,SELL,SELL,Bullish : 27.14,Bullish : 23.87,Weak Trend : 22.67,Bearish : -73.76,Bearish : -4.75,Bearish : -6.25,Bearish : -1.87,Bearish : -1.83,52.24,75.13,3.03,4.8,PayPal Holdings. Inc.,bearPut,100,1.77,2.1,7140.000000000001,buy,6.878,-0.533,1.191,0.03339,0.17885,48.668,0.201
Consumer Cyclical,PII,SELL,STRONG_SELL,101.03,99.28,139.79,94.24,10.567991,10.298675,0.67,5.060609,-0.479,0.90109,2022-04-25 00:00:00,SELL - 3|14|9,SELL - 2|14|10,NEUTRAL - 7|10|9,SELL - 1|15|10,Neutral : 46.67,SELL,SELL,Oversold : 17.11,Oversold : 17.86,Weak Trend : 15.85,Neutral : -46.82,Bearish : -1.79,Bearish : -6.46,Bearish : -0.38,Bullish : 0.09,44.51,108.13,9.56,9.81,Polaris Inc.,Watchlist,100,6.51,2.2,10103.0,buy,6.355,-0.46,1.18,0.08031999,0.39421,190.862,0.281
Consumer Cyclical,GM,NEUTRAL,NEUTRAL,32.19,31.76,67.21,30.65,4.308083,4.713031,1.74,0.8916898,-0.027,0.84573,2022-02-08 00:00:00,SELL - 3|14|9,BUY - 13|3|10,SELL - 2|14|10,STRONG_SELL - 1|16|9,Bearish : 39.91,SELL,SELL,Oversold : 13.42,Oversold : 16.11,Weak Trend : 15.55,Bearish : -74.42,Bearish : -1.45,Bearish : -2.64,Bearish : -0.62,Bearish : -0.54,41.04,35.37,7.472,6.83,General Motors Company,Call,100,1.78,1.9,3219.0,buy,14.922,-0.335,1.114,0.02614,0.1603,165.443,0.838
Technology,GLW,SELL,STRONG_SELL,31.91,31.51,43.47,30.7,31.78287,13.754311,0.69,2.199173,-0.03,0.70304,2022-04-25 00:00:00,SELL - 3|13|10,STRONG_SELL - 1|16|9,SELL - 3|14|9,SELL - 2|15|9,Bearish : 43.61,SELL,SELL,Bullish : 25.7,Bullish : 23.39,Weak Trend : 21.98,Neutral : -49.9,Bearish : -0.87,Bearish : -0.86,Bearish : -0.37,Bearish : -0.37,52.86,33.56,1.004,2.32,Corning Incorporated,Watchlist,100,2.13,2,3191.0,buy,2.438,0.019,1.553,0.04919,0.14419,55.301,0.776
Financial Services,AXP,NEUTRAL,NEUTRAL,140.4,138.62,199.55,134.3,14.025973,12.457851,1.01,4.735883,-0.061,0.87377,2022-07-22 12:30:00,SELL - 3|13|10,STRONG_BUY - 16|0|10,SELL - 5|11|10,SELL - 3|14|9,Bearish : 39.14,BUY,SELL,Bullish : 32.79,Bullish : 27.98,Weak Trend : 22.21,Bearish : -71.78,Bearish : -7.73,Bearish : -5.77,Bearish : -3.35,Bearish : -3.6,47.66,147.37,10.01,11.27,American Express Company,Watchlist,100,3.31,2.3,14040.0,buy,34.157,-0.004,1.63,0.040749997,0.3384,181.374,1.609
Energy,MPC,NEUTRAL,SELL,84.48,82.21,114.35,50.19,5.9300857,20.018959,0.55,1.8580918,1.716,0.82037,2022-01-31 00:00:00,SELL - 3|13|10,SELL - 6|12|8,STRONG_BUY - 17|0|9,NEUTRAL - 8|9|9,Bearish : 36.49,BUY,SELL,Bullish : 22.44,Oversold : 17.06,Strong Trend : 31.94,Bearish : -73.5,Bearish : -11.04,Bearish : -1.21,Bearish : -3.8,Bearish : -3.98,41.1,89.11,14.246,4.22,Marathon Petroleum Corporation,Watchlist,100,2.92,1.8,8448.0,buy,19.177,1.917,1.704,0.02754,0.08003,80.117,1.222
Industrials,DE,NEUTRAL,STRONG_SELL,301.63,299.47,446.76,294.29,15.883623,12.007564,1.06,5.0416193,-0.262,0.8085,2022-02-17 00:00:00,SELL - 3|13|10,SELL - 4|14|8,SELL - 3|14|9,SELL - 4|13|9,Bearish : 36.31,BUY,SELL,Bullish : 21.4,Oversold : 18.36,Weak Trend : 22.18,Bearish : -72.64,Bearish : -20.91,Bearish : -9.24,Bearish : -9.05,Bearish : -9.25,42.19,317.52,18.99,25.12,Deere & Company,Watchlist,100,1.54,2.3,30163.0,buy,12.406,-0.245,2.311,0.05925,0.35397997,268.357,1.982
Energy,EOG,NEUTRAL,SELL,111.62,110.44,147.99,62.81,21.519184,11.297571,0.77,3.0000536,4.89,0.90667,2022-02-23 00:00:00,SELL - 3|13|10,SELL - 4|13|9,STRONG_BUY - 17|0|9,NEUTRAL - 9|9|8,Bearish : 39.7,BUY,SELL,Bullish : 35.48,Bullish : 37.92,Strong Trend : 28.48,Neutral : -41.13,Bearish : -10.63,Bullish : 1.0,Bearish : -4.04,Bearish : -4.6,41.43,120.35,5.187,9.88,EOG Resources. Inc.,Watchlist,100,2.09,2.1,11162.0,buy,8.898,4.838,2.124,0.10329001,0.21957001,26.632,1.866
SPDR Select Sector Fund - Energ,XLE,NEUTRAL,SELL,72.58,71.51,93.31,45.14,4.5396547,,,,,,,SELL - 3|13|10,SELL - 4|13|9,STRONG_BUY - 17|0|9,NEUTRAL - 10|8|8,Bearish : 38.59,BUY,SELL,Bullish : 33.47,Bullish : 34.2,Strong Trend : 34.38,Neutral : -47.23,Bearish : -6.52,Bullish : 1.0,Bearish : -2.48,Bearish : -2.82,43.74,76.48,,,SPDR Select Sector Fund - Energ,Index,100,,,7258.0,,,,,,,,
iShares U.S. Energy ETF,IYE,NEUTRAL,SELL,38.62,38.12,49.31,24.49,14.853847,,,,,,,SELL - 3|13|10,SELL - 4|13|9,STRONG_BUY - 17|0|9,BUY - 11|7|8,Bearish : 39.15,BUY,SELL,Bullish : 32.23,Bullish : 33.39,Strong Trend : 32.58,Neutral : -48.11,Bearish : -3.17,Bullish : 0.4,Bearish : -1.21,Bearish : -1.37,44.27,40.76,,,iShares U.S. Energy ETF,Index,100,,,3861.9999999999995,,,,,,,,
Basic Materials,CF,NEUTRAL,SELL,85.28,85.73,113.49,43.19,61.7971,8.360785,0.08,6.217556,7.103,0.94155,2022-02-15 00:00:00,SELL - 3|13|10,SELL - 4|12|10,BUY - 13|4|9,NEUTRAL - 10|8|8,Bearish : 42.97,BUY,SELL,Bullish : 48.03,Bullish : 50.94,Weak Trend : 15.6,Neutral : -37.72,Bearish : -2.44,Bullish : 1.92,Bearish : -1.39,Bearish : -1.62,47.87,89.42,1.38,10.2,CF Industries Holdings. Inc.,Watchlist,100,1.43,2.4,8528.0,buy,7.853,7.173,1.811,0.114659995,0.21651,61.564,1.484
Materials Select Sector SPDR,XLB,NEUTRAL,STRONG_SELL,74.12,73.6,92.31,72.19,2.9181104,,,,,,,SELL - 3|13|10,SELL - 3|15|8,NEUTRAL - 7|9|10,SELL - 4|13|9,Bearish : 37.5,BUY,SELL,Bullish : 29.7,Bullish : 29.03,Strong Trend : 38.19,Bearish : -66.56,Bearish : -3.44,Bearish : -2.35,Bearish : -1.54,Bearish : -1.73,52.43,76.26,,,Materials Select Sector SPDR,Index,100,,,7412.0,,,,,,,,
Industrials,DAL,NEUTRAL,STRONG_SELL,29.52,28.97,46.27,28.1,,10.14433,-0.55,7.22467,,0.661,2022-04-13 00:00:00,SELL - 3|13|10,SELL - 3|15|8,SELL - 2|14|10,SELL - 2|15|9,Bearish : 38.06,BUY,SELL,Bullish : 27.99,Bullish : 23.93,Strong Trend : 34.28,Bearish : -59.23,Bearish : -2.5,Bearish : -1.66,Bearish : -1.2,Bearish : -1.39,45.13,31.66,-0.112,2.91,Delta Air Lines. Inc.,Watchlist,100,1.1,1.8,2952.0,buy,15.6,,0.653,-0.00306,0.29773,1156.804,0.54
Basic Materials,HBM,NEUTRAL,STRONG_SELL,4.15,4.08,8.75,3.91,,4.9404764,-0.36,0.7283257,,0.73282,2022-02-16 00:00:00,SELL - 3|13|10,SELL - 3|14|9,SELL - 2|14|10,SELL - 2|15|9,Bearish : 33.63,BUY,SELL,Bullish : 26.89,Bullish : 22.67,Strong Trend : 35.76,Bearish : -66.85,Bearish : -0.7,Bearish : -0.13,Bearish : -0.28,Bearish : -0.29,40.62,4.62,-0.867,0.84,Hudbay Minerals Inc.,Watchlist,100,7.65,1.7,415.00000000000006,buy,1.036,,1.29,0.0036700002,-0.15385,85.201,0.933
Communication Services,TWTR,SELL,STRONG_SELL,38.23,37.39,73.34,31.3,,39.822918,0.26,4.253922,6.548,0.75277,2022-04-27 00:00:00,SELL - 3|13|10,SELL - 3|14|9,SELL - 3|14|9,SELL - 2|14|10,Neutral : 47.72,SELL,SELL,Bullish : 27.19,Oversold : 19.02,Weak Trend : 12.98,Neutral : -41.93,Bearish : -0.89,Bearish : -1.29,Bearish : -0.27,Bearish : -0.2,44.48,39.75,-0.228,0.96,Twitter. Inc.,Watchlist,100,0.31,3,3822.9999999999995,hold,8.039,6.681,6.577,0.0040700003,0.03282,112.219,6.343
Energy,HAL,NEUTRAL,SELL,31.43,31.36,43.99,17.82,70.3132,18.488235,0.3,4.945712,0.547,0.81448,2022-04-19 00:00:00,SELL - 3|13|10,SELL - 3|14|9,BUY - 15|2|9,BUY - 11|8|7,Bearish : 37.84,BUY,SELL,Bullish : 36.97,Bullish : 42.71,Strong Trend : 29.02,Bearish : -55.69,Bearish : -3.15,Bullish : 0.46,Bearish : -1.31,Bearish : -1.52,44.6,33.82,0.447,1.7,Halliburton Company,Watchlist,100,1.24,2.1,3143.0,buy,2.388,0.526,2.187,0.0558,0.25565,136.243,1.391
Technology,SQ,NEUTRAL,STRONG_SELL,63.9,61.46,289.23,56.01,64.09228,34.72826,6.43,9.951721,,0.65435,2022-02-21 00:00:00,SELL - 3|13|10,SELL - 3|13|10,SELL - 2|15|9,SELL - 3|14|9,Bearish : 44.47,BUY,SELL,Bullish : 29.25,Bullish : 26.75,Weak Trend : 22.5,Neutral : -11.72,Bearish : -3.37,Bearish : -7.15,Bearish : -1.84,Bearish : -2.11,50.33,69.96,0.997,1.84,Block. Inc.,Watchlist,100,2.98,1.9,6390.0,buy,9.159,,1.936,0.012200001,0.05298,166.473,1.252
Energy,SLB,NEUTRAL,STRONG_SELL,35.65,35.76,49.83,25.9,30.627148,21.871166,0.66,3.7423894,0.706,0.80078006,2022-04-21 00:00:00,SELL - 3|13|10,SELL - 2|16|8,STRONG_BUY - 16|0|10,SELL - 7|11|8,Bearish : 36.26,BUY,SELL,Bullish : 34.35,Bullish : 35.85,Strong Trend : 35.19,Bearish : -64.06,Bearish : -4.21,Bullish : 0.58,Bearish : -1.7,Bearish : -1.96,47.05,37.66,1.164,1.63,Schlumberger N.V.,Watchlist,100,1.54,,3565.0,none,1.874,0.714,1.239,0.044239998,0.14931,90.07,0.782
Industrials,GE,NEUTRAL,STRONG_SELL,63.54,63.67,116.17,61.76,,13.237499,0.41,1.7932943,,0.71807,2022-07-26 12:30:00,SELL - 3|13|10,SELL - 2|15|9,SELL - 2|14|10,STRONG_SELL - 1|16|9,Bearish : 35.87,BUY,SELL,Bullish : 26.08,Bullish : 24.04,Strong Trend : 26.66,Bearish : -80.68,Bearish : -4.23,Bearish : -3.56,Bearish : -1.81,Bearish : -1.91,47.24,67.5,-4.538,4.8,General Electric Company,Watchlist,100,2.59,2,6354.0,buy,19.008,,1.187,0.00897,-0.11191,90.145,0.773
Financial Services,JPM,NEUTRAL,STRONG_SELL,114.05,112.61,172.96,110.93,8.4544115,8.95212,2.16,1.3236693,-0.421,0.70948,2022-07-14 12:30:00,SELL - 3|13|10,SELL - 2|15|9,BUY - 10|7|9,SELL - 2|16|8,Bearish : 42.27,BUY,SELL,Bullish : 26.56,Bullish : 26.04,Weak Trend : 21.7,Bearish : -51.58,Bearish : -3.44,Bearish : -3.3,Bearish : -1.58,Bearish : -1.71,46.09,118.8,13.49,12.74,JP Morgan Chase & Co.,Watchlist,100,1.46,2.4,11405.0,buy,523.36,-0.416,,0.01107,0.14936,,
Basic Materials,LYB,NEUTRAL,STRONG_SELL,87.66,87.46,117.22,83.5,5.120028,5.763314,1.9,2.4784417,0.234,0.74178004,2022-04-28 00:00:00,SELL - 3|13|10,SELL - 2|15|9,STRONG_BUY - 16|1|9,SELL - 2|16|8,Bearish : 38.19,BUY,SELL,Bullish : 53.78,Bullish : 53.25,Strong Trend : 35.76,Neutral : -38.54,Bearish : -6.36,Bearish : -1.57,Bearish : -3.04,Bearish : -3.72,55.23,90.39,17.121,15.21,LyondellBasell Industries NV,Watchlist,100,2.8,2.5,8766.0,buy,5.488,0.255,1.763,0.13538,0.53911,102.791,0.954
Financial Services,BAC,NEUTRAL,STRONG_SELL,31.56,31.13,50.11,30.63,9.449101,9.987341,0.68,1.0444452,-0.122,0.72128,2022-04-13 00:00:00,SELL - 3|13|10,SELL - 2|15|9,SELL - 5|11|10,SELL - 2|15|9,Bearish : 40.05,BUY,SELL,Bullish : 23.27,Bullish : 21.57,Weak Trend : 23.19,Bearish : -92.45,Bearish : -1.19,Bearish : -0.76,Bearish : -0.56,Bearish : -0.58,45.49,33.27,3.34,3.16,Bank of America Corporation,Watchlist,100,1.46,2.2,3156.0,buy,101.553,-0.07,,0.00999,0.114659995,,
Technology,FIS,NEUTRAL,STRONG_SELL,93.58,91.67,152.2,85.0,259.94443,12.663058,0.91,1.2098567,1.798,0.93309,2022-02-07 00:00:00,SELL - 3|13|10,SELL - 2|14|10,BUY - 11|5|10,STRONG_SELL - 1|16|9,Neutral : 45.58,BUY,SELL,Bullish : 28.75,Bullish : 27.99,Weak Trend : 20.34,Neutral : -20.87,Bearish : -2.68,Bearish : -5.09,Bearish : -1.06,Bearish : -1.09,54.34,98.6,0.36,7.39,Fidelity National Information S,Watchlist,100,1.36,1.9,9358.0,buy,3.297,1.969,0.74,0.00974,0.00874,43.922,0.424
Basic Materials,MOS,NEUTRAL,SELL,46.92,47.23,79.28,28.26,10.042808,6.6742525,-0.39,1.7077342,-0.197,0.88637,2022-05-02 00:00:00,SELL - 3|13|10,SELL - 1|15|10,SELL - 5|11|10,NEUTRAL - 8|9|9,Bearish : 37.49,BUY,SELL,Bullish : 26.96,Bullish : 31.76,Weak Trend : 22.05,Bearish : -75.74,Bearish : -3.34,Bullish : 0.33,Bearish : -1.7,Bearish : -1.86,41.84,51.23,4.672,7.03,Mosaic Company (The),Watchlist,100,1.42,2.4,4692.0,buy,2.089,-0.19,1.112,0.07985,0.15946999,40.988,0.507
Meta Platforms. Inc.,META,NEUTRAL,NEUTRAL,160.03,161.25,384.33,154.25,,,,,,,,SELL - 3|13|10,NEUTRAL - 9|7|10,,SELL - 3|14|9,Bearish : 41.7,BUY,SELL,Bullish : 30.42,Bullish : 39.78,Weak Trend : 20.81,Bearish : -63.65,Bearish : -6.99,Bearish : -10.11,Bearish : -3.5,Bearish : -3.99,50.2,170.58,,,Meta Platforms. Inc.,Watchlist,100,,,16003.0,,,,,,,,
VanEck Oil Services ETF,OIH,NEUTRAL,NEUTRAL,231.63,232.6,317.0,164.41,,,,,,,,SELL - 3|13|10,NEUTRAL - 8|9|9,STRONG_BUY - 16|0|10,NEUTRAL - 8|10|8,Bearish : 37.74,BUY,SELL,Bullish : 46.28,Bullish : 51.39,Strong Trend : 28.97,Bearish : -51.11,Bearish : -20.53,Bullish : 2.96,Bearish : -8.73,Bearish : -10.29,49.73,246.41,,,VanEck Oil Services ETF,Index,100,,,23163.0,,,,,,,,
Basic Materials,DOW,NEUTRAL,NEUTRAL,51.69,51.61,71.86,49.9,6.7086306,8.10188,0.14,2.3256545,0.583,0.68859,2022-04-20 00:00:00,SELL - 3|13|10,BUY - 11|6|9,NEUTRAL - 9|8|9,SELL - 2|14|8,Bearish : 31.85,BUY,SELL,Bullish : 36.01,Bullish : 32.35,Strong Trend : 40.92,Bearish : -67.13,Bearish : -4.63,Bearish : -1.44,Bearish : -2.18,Bearish : -2.55,51.74,53.85,7.705,6.38,Dow Inc.,BullSpread,100,2.31,2.5,5169.0,buy,4.66,0.598,1.698,0.09222999,0.40903,82.193,0.831
Technology,MCHP,STRONG_SELL,STRONG_SELL,56.16,58.08,90.0,55.29,49.133858,11.437882,0.51,5.464098,8.746,0.92716,2022-02-02 00:00:00,SELL - 2|15|9,STRONG_SELL - 1|16|9,BUY - 10|6|10,STRONG_SELL - 0|16|10,Bearish : 34.59,SELL,SELL,Oversold : 12.65,Oversold : 19.26,Weak Trend : 23.55,Bearish : -153.55,Bearish : -3.3,Bearish : -4.43,Bearish : -1.62,Bearish : -1.59,40.84,61.8,1.143,4.91,Microchip Technology Incorporat,Watchlist,100,2.41,2.2,5616.0,buy,0.567,8.023,1.806,0.062090002,0.17362,136.19,1.022
Technology,KLAC,STRONG_SELL,STRONG_SELL,296.26,319.08,457.12,287.44,16.815758,13.948212,0.74,11.644067,0.287,0.9192,2022-04-27 00:00:00,SELL - 2|15|9,STRONG_SELL - 0|16|10,BUY - 10|6|10,SELL - 2|14|10,Bearish : 32.3,SELL,SELL,Oversold : 9.0,Oversold : 15.84,Weak Trend : 20.27,Bearish : -199.86,Bearish : -15.04,Bearish : -43.26,Bearish : -6.9,Bearish : -4.03,34.79,338.76,17.618,21.24,KLA Corporation,Watchlist,100,1.25,2,29626.0,buy,17.274,0.32,2.327,0.19342,0.87596,92.997,1.521
Consumer Cyclical,M,STRONG_SELL,STRONG_SELL,17.97,18.32,37.95,15.68,6.685268,4.404412,-1.44,1.7878819,3.644,0.89459,2022-02-21 00:00:00,SELL - 2|15|9,SELL - 2|15|9,SELL - 3|14|9,STRONG_SELL - 0|16|10,Bearish : 31.27,SELL,SELL,Oversold : 17.04,Oversold : 15.66,Weak Trend : 23.88,Bearish : -131.01,Bearish : -2.43,Bearish : -2.98,Bearish : -0.87,Bearish : -0.76,48.63,20.66,2.688,4.08,Macy's Inc,Watchlist,100,2.85,2.9,1797.0,hold,5.855,3.796,1.248,0.08266,0.46323,188.511,0.371
Communication Services,SNAP,SELL,STRONG_SELL,13.17,13.13,83.34,11.88,,23.105263,1.21,6.145591,,0.65272003,2022-04-20 00:00:00,SELL - 2|15|9,SELL - 2|14|10,SELL - 4|16|6,SELL - 4|14|8,Bearish : 43.82,SELL,SELL,Oversold : 14.45,Bullish : 21.54,Weak Trend : 18.96,Neutral : -47.81,Bearish : -0.13,Bearish : -1.52,Bearish : -0.22,Bearish : -0.22,45.13,14.67,-0.408,0.57,Snap Inc.,Watchlist,100,1.88,2,1317.0,buy,3.056,,7.19,-0.0598,-0.21282,118.308,7.051
Technology,S,SELL,STRONG_SELL,23.48,23.33,78.53,18.64,,-34.028984,3.83,3.7287598,,0.82526,2021-12-07 00:00:00,SELL - 2|15|9,SELL - 2|14|10,SELL - 3|13|10,SELL - 1|11|10,Neutral : 45.5,SELL,SELL,Oversold : 14.5,Oversold : 19.47,Weak Trend : 12.7,Bearish : -73.39,Bullish : 0.05,Bearish : -2.99,Bullish : 0.04,Bullish : 0.24,49.71,26.09,-2.03,-0.69,SentinelOne. Inc.,Watchlist,100,3.76,2.1,2348.0,buy,6.144,,6.461,-0.12966,-0.27785,1.761,6.296
Financial Services,LNC,NEUTRAL,NEUTRAL,47.59,46.77,77.57,45.25,6.825875,4.2719927,0.2,0.4183258,0.538,0.77342004,2022-02-01 00:00:00,SELL - 2|15|9,NEUTRAL - 8|8|10,SELL - 5|11|10,SELL - 3|15|8,Bearish : 43.4,BUY,SELL,Bullish : 38.44,Bullish : 35.89,Weak Trend : 22.05,Neutral : -20.35,Bearish : -2.05,Bearish : -1.41,Bearish : -0.96,Bearish : -1.14,50.01,50.14,6.972,11.14,Lincoln National Corporation,Watchlist,100,3.04,2.5,4759.0,buy,41.135,0.628,2.781,0.00333,0.06539,38.388,0.506
VanEck Junior Gold Miners ETF,GDXJ,STRONG_SELL,STRONG_SELL,33.05,32.0,51.92,31.23,,,,,,,,SELL - 2|14|10,SELL - 5|14|7,SELL - 4|13|9,SELL - 1|15|10,Bearish : 35.41,SELL,SELL,Bullish : 23.29,Oversold : 13.14,Strong Trend : 37.95,Bearish : -85.13,Bearish : -3.47,Bearish : -2.54,Bearish : -1.37,Bearish : -1.27,40.47,34.56,,,VanEck Junior Gold Miners ETF,Index,100,,,3304.9999999999995,,,,,,,,
Basic Materials,GOLD,STRONG_SELL,STRONG_SELL,18.06,17.69,26.07,17.27,16.21185,14.333333,-2.24,1.3605545,0.06,0.61958003,2022-02-16 00:00:00,SELL - 2|14|10,SELL - 3|15|8,SELL - 5|11|10,SELL - 2|15|9,Bearish : 35.11,SELL,SELL,Bullish : 21.43,Oversold : 12.53,Strong Trend : 25.54,Bearish : -95.98,Bearish : -1.35,Bearish : -0.72,Bearish : -0.53,Bearish : -0.48,35.52,18.96,1.114,1.26,Barrick Gold Corporation,Watchlist,100,0.8,1.9,1805.9999999999998,buy,2.967,0.059,3.954,0.057239998,0.10272,16.941,2.983
Technology,STEM,STRONG_SELL,STRONG_SELL,7.15,7.16,36.75,5.72,,-39.72222,,1.6350331,,0.54171,2021-11-09 00:00:00,SELL - 2|14|10,SELL - 3|14|9,SELL - 3|14|9,SELL - 2|10|10,Bearish : 43.46,SELL,SELL,Bullish : 21.81,Oversold : 19.43,Weak Trend : 13.26,Bearish : -73.54,Bearish : -0.61,Bearish : -1.22,Bearish : -0.2,Bearish : -0.13,42.33,8.3,-3.458,-0.18,Stem. Inc.,Watchlist,100,4.49,1.9,715.0,buy,6.001,,11.639,-0.07018,-0.34557,62.91,11.171
Technology,SOL,STRONG_SELL,STRONG_SELL,4.67,4.75,9.72,3.46,29.37107,12.2894745,2.51,0.77037287,1.467,0.4294,2022-03-24 00:00:00,SELL - 2|14|10,SELL - 3|13|10,SELL - 5|11|10,SELL - 3|13|10,Neutral : 47.76,SELL,SELL,Bullish : 36.88,Bullish : 35.42,Weak Trend : 10.61,Bearish : -52.34,Bearish : -0.13,Bearish : -0.14,Bearish : -0.02,Bullish : 0.0,46.39,5.12,0.159,0.38,Renesola Ltd. American Depsitar,Watchlist,100,1.99,1.7,467.0,buy,3655.801,,9.379,0.03071,0.02949,12.901,8.675
Consumer Cyclical,TSLA,STRONG_SELL,STRONG_SELL,681.79,673.42,1243.49,620.46,91.39276,42.906857,1.31,20.72247,6.575,0.43138,2022-07-25 10:59:00,SELL - 2|14|10,SELL - 2|14|10,SELL - 6|14|6,SELL - 4|13|9,Neutral : 46.19,SELL,SELL,Oversold : 18.98,Oversold : 19.61,Weak Trend : 13.75,Bearish : -64.46,Bearish : -17.55,Bearish : -55.0,Bearish : -5.94,Bearish : -2.52,47.24,741.6,7.46,15.89,Tesla. Inc.,Watchlist,100,0.85,2.4,68179.0,buy,17.387,6.315,1.354,0.10118,0.28261,19.841,0.953
VanEck Gold Miners ETF,GDX,NEUTRAL,NEUTRAL,28.16,27.38,41.61,26.83,,,,,,,,SELL - 2|14|10,NEUTRAL - 7|9|10,SELL - 3|14|9,SELL - 2|15|9,Bearish : 37.41,SELL,SELL,Bullish : 24.87,Oversold : 14.27,Strong Trend : 25.57,Bearish : -87.21,Bearish : -2.06,Bearish : -1.52,Bearish : -0.81,Bearish : -0.74,40.14,29.31,,,VanEck Gold Miners ETF,Index,100,,,2816.0,,,,,,,,
SPDR Select Sector Fund - Techn,XLK,STRONG_SELL,STRONG_SELL,127.41,127.12,177.04,122.47,2.3210187,,,,,,,SELL - 1|15|10,SELL - 2|15|9,SELL - 4|12|10,SELL - 3|14|9,Bearish : 43.49,SELL,SELL,Oversold : 18.91,Bullish : 23.06,Weak Trend : 21.07,Bearish : -53.52,Bearish : -2.2,Bearish : -6.09,Bearish : -1.06,Bearish : -1.0,50.55,132.19,,,SPDR Select Sector Fund - Techn,Index,100,,,12741.0,,,,,,,,
Technology,QCOM,NEUTRAL,STRONG_SELL,123.53,127.74,193.58,118.23,15.696315,10.612542,0.72,13.967662,0.665,0.76098,2022-04-26 00:00:00,SELL - 1|15|10,SELL - 2|14|10,SELL - 3|14|9,SELL - 4|12|10,Bearish : 42.39,BUY,SELL,Bullish : 35.33,Bullish : 46.81,Weak Trend : 18.87,Neutral : -39.6,Bearish : -1.29,Bearish : -1.59,Bearish : -1.0,Bearish : -1.15,45.43,136.16,7.87,11.64,QUALCOMM Incorporated,Watchlist,100,1.4,2,12353.0,buy,10.309,0.68,1.609,0.19668,1.07546,117.647,1.164
Consumer Cyclical,HD,NEUTRAL,NEUTRAL,279.08,274.27,420.61,264.51,18.661316,17.2378,1.23,282.184,0.173,0.71719,2022-02-21 00:00:00,NEUTRAL - 9|8|9,SELL - 5|11|10,SELL - 5|11|10,SELL - 6|12|8,Neutral : 50.51,BUY,SELL,Bullish : 52.82,Bullish : 50.54,Weak Trend : 19.27,Bullish  : 65.41,Bearish : -4.24,Bearish : -3.91,Bearish : -2.2,Bearish : -3.19,57.19,281.53,14.955,16.19,Home Depot. Inc. (The),Watchlist,100,1.79,2.1,27908.0,buy,2.267,0.206,1.013,0.20447001,20.50281,,0.201
SPDR Select Sector Fund - Indus,XLI,NEUTRAL,NEUTRAL,88.1,87.34,107.88,84.57,3.022091,,,,,,,NEUTRAL - 9|8|9,SELL - 3|15|8,SELL - 2|14|10,SELL - 5|12|9,Neutral : 49.26,BUY,SELL,Bullish : 52.72,Bullish : 49.03,Strong Trend : 25.87,Bullish  : 59.36,Bearish : -1.27,Bearish : -0.7,Bearish : -0.61,Bearish : -0.88,54.32,89.54,,,SPDR Select Sector Fund - Indus,Index,100,,,8810.0,,,,,,,,
Financial Services,GS,BUY,NEUTRAL,299.23,297.02,426.16,278.15,5.7979074,7.3611317,-1,0.9393827,-0.424,0.71064,2022-07-18 12:30:00,NEUTRAL - 9|8|9,BUY - 11|5|10,NEUTRAL - 7|9|10,SELL - 3|14|9,Neutral : 52.47,BUY,SELL,Bullish : 62.92,Bullish : 64.64,Weak Trend : 20.76,Neutral : 39.8,Bullish : 4.88,Bearish : -3.86,Bullish : 0.69,Bearish : -0.33,52.96,308.62,51.61,40.65,Goldman Sachs Group. Inc. (The),Watchlist,100,1.96,2.1,29923.0,buy,3177.532,-0.421,1.651,0.01296,0.17387,524.204,1.564
Financial Services,WFC,NEUTRAL,NEUTRAL,39.92,39.17,60.3,36.54,9.522901,10.673797,1.42,0.9405998,-0.208,0.74325997,2022-07-15 00:00:00,NEUTRAL - 9|7|10,SELL - 6|11|9,NEUTRAL - 8|8|10,SELL - 3|15|8,Neutral : 50.03,BUY,BUY,Bullish : 53.4,Bullish : 51.08,Weak Trend : 19.86,Neutral : 38.02,Bearish : -0.35,Bearish : -0.84,Bearish : -0.28,Bearish : -0.44,53.65,38.41,4.192,3.74,Wells Fargo & Company,Watchlist,100,1.3,2,3992.0,buy,101.242,-0.138,,0.011460001,0.120799996,,
Consumer Defensive,WMT,NEUTRAL,NEUTRAL,122.63,121.58,160.77,117.27,43.179577,18.248512,2.29,4.1406674,,0.32609,2022-02-17 00:00:00,NEUTRAL - 9|7|10,SELL - 6|10|10,SELL - 2|15|9,SELL - 3|15|8,Neutral : 50.77,BUY,SELL,Bullish : 36.56,Bullish : 34.97,Weak Trend : 13.95,Neutral : 11.77,Bullish : 0.02,Bearish : -1.12,Bearish : -0.19,Bearish : -0.25,53.87,123.98,2.84,6.72,Walmart Inc.,Watchlist,100,1.71,2,12263.0,buy,5.364,,0.928,0.0652,0.15539,63.573,0.264
Healthcare,NVS,NEUTRAL,NEUTRAL,84.36,84.53,95.17,79.09,19.487179,12.666667,2.93,3.32427,0.079,0.09488,,NEUTRAL - 9|7|10,SELL - 5|13|8,BUY - 14|6|6,SELL - 2|15|9,Neutral : 51.29,BUY,SELL,Bullish : 61.3,Bullish : 65.27,Weak Trend : 22.45,Neutral : 32.4,Bullish : 0.7,Bearish : -0.47,Bearish : -0.01,Bearish : -0.24,57.18,85.77,4.329,6.66,Novartis AG,Watchlist,100,2.57,2,8436.0,buy,8.461,0.088,1.249,0.065120004,0.43062,50.792,0.919
SPDR Select Sector Fund - Finan,XLF,NEUTRAL,NEUTRAL,31.88,31.45,41.7,30.58,3.312552,,,,,,,NEUTRAL - 9|7|10,SELL - 5|12|9,NEUTRAL - 7|9|10,SELL - 6|12|8,Neutral : 48.56,BUY,SELL,Bullish : 44.14,Bullish : 40.89,Weak Trend : 22.2,Neutral : 32.58,Bearish : -0.42,Bearish : -0.46,Bearish : -0.23,Bearish : -0.32,53.3,32.75,,,SPDR Select Sector Fund - Finan,Index,100,,,3188.0,,,,,,,,
SPDR S&P Regional Banking ETF,KRE,NEUTRAL,NEUTRAL,59.06,58.09,78.81,56.58,,,,,,,,NEUTRAL - 9|7|10,SELL - 5|12|9,NEUTRAL - 8|8|10,SELL - 4|13|9,Neutral : 49.73,BUY,SELL,Bullish : 46.22,Bullish : 43.35,Weak Trend : 22.1,Neutral : 36.41,Bearish : -0.79,Bearish : -0.5,Bearish : -0.37,Bearish : -0.5,53.55,60.36,,,SPDR S&P Regional Banking ETF,Index,100,,,5906.0,,,,,,,,
SPDR S&P Bank ETF,KBE,NEUTRAL,NEUTRAL,44.62,43.88,60.6,42.61,,,,,,,,NEUTRAL - 9|7|10,SELL - 5|12|9,NEUTRAL - 8|8|10,SELL - 3|14|9,Neutral : 49.4,BUY,SELL,Bullish : 47.46,Bullish : 44.62,Weak Trend : 23.81,Neutral : 41.0,Bearish : -0.66,Bearish : -0.39,Bearish : -0.32,Bearish : -0.45,53.74,45.66,,,SPDR S&P Bank ETF,Index,100,,,4462.0,,,,,,,,
Communication Services,DIS,NEUTRAL,NEUTRAL,96.14,94.4,187.58,92.01,87.87934,19,0.61,1.9737625,63.941,0.65793,2022-02-09 00:00:00,NEUTRAL - 9|7|10,SELL - 3|14|9,SELL - 3|13|10,SELL - 3|14|9,Neutral : 48.01,BUY,SELL,Bullish : 37.94,Bullish : 34.61,Weak Trend : 18.63,Neutral : 32.86,Bearish : -1.94,Bearish : -1.65,Bearish : -1.06,Bearish : -1.43,50.75,99.94,1.094,5.06,Walt Disney Company (The),Watchlist,100,1.6,2,9614.0,buy,7.934,63.358,1.096,0.016900001,0.036760002,52.254,0.976
Financial Services,V,NEUTRAL,NEUTRAL,199.18,196.89,252.67,185.91,31.268446,23.711905,1.52,12.580053,0.205,0.96982,2022-07-25 10:59:00,NEUTRAL - 9|7|10,SELL - 2|15|9,SELL - 6|10|10,SELL - 3|14|9,Neutral : 50.74,BUY,SELL,Bullish : 36.3,Bullish : 38.2,Weak Trend : 16.95,Neutral : 20.7,Bearish : -0.93,Bearish : -6.24,Bearish : -0.46,Bearish : -0.66,58.33,206.25,6.37,8.4,Visa Inc.,Watchlist,100,5.01,1.8,19918.0,buy,6.495,0.234,1.288,0.14049,0.37362,58.426,0.925
Financial Services,CB,NEUTRAL,NEUTRAL,197.92,196.58,218.99,157.19,10.062023,13.696886,0.81,1.4376616,-0.142,0.91293,2022-04-25 00:00:00,NEUTRAL - 9|7|10,NEUTRAL - 9|7|10,BUY - 13|3|10,NEUTRAL - 10|9|7,Bullish  : 56.2,BUY,BUY,Overbrought : 91.37,Overbrought : 86.56,Weak Trend : 19.14,Bullish  : 118.78,Bearish : -0.62,Bullish : 3.6,Bearish : -0.59,Bearish : -1.77,55.94,191.73,19.67,14.45,Chubb Limited,Watchlist,100,1.55,,19792.0,none,12.133,-0.095,0.345,0.024719998,0.14187999,35.35,0.147
Energy,ENB,BUY,NEUTRAL,42.66,42.26,47.67,36.21,19.155815,17.701244,3.17,1.5905448,0.033,0.54285,2022-02-10 00:00:00,NEUTRAL - 9|7|10,BUY - 11|5|10,BUY - 14|2|10,NEUTRAL - 9|8|9,Neutral : 50.68,BUY,BUY,Bullish : 76.02,Bullish : 72.92,Strong Trend : 27.52,Bullish  : 91.61,Bearish : -0.54,Bullish : 0.86,Bearish : -0.27,Bearish : -0.51,58.09,41.71,2.227,2.41,Enbridge Inc,Watchlist,100,5.76,2.3,4266.0,buy,0.173,0.035,0.491,0.03026,0.098859996,120.824,0.358
Utilities,NRG,NEUTRAL,NEUTRAL,38.84,38.17,47.82,34.7,3.8933442,10.497297,0.3,2.3313324,,1.01571,2022-02-28 00:00:00,NEUTRAL - 8|9|9,SELL - 4|12|10,STRONG_BUY - 16|0|10,SELL - 6|10|10,Neutral : 49.0,BUY,BUY,Bullish : 77.12,Bullish : 73.55,Strong Trend : 28.51,Bullish  : 110.2,Bearish : -1.19,Bullish : 0.51,Bearish : -0.65,Bearish : -1.03,54.2,37.09,9.976,3.7,NRG Energy. Inc.,Watchlist,100,4.71,2.5,3884.0000000000005,buy,1.032,,1.37,0.12246,0.82841,230.194,0.506
SPDR S&P 500,SPY,NEUTRAL,NEUTRAL,381.24,377.25,479.98,362.17,2.6455157,,,,,,,NEUTRAL - 8|8|10,SELL - 4|13|9,SELL - 5|11|10,SELL - 6|12|8,Neutral : 48.1,BUY,SELL,Bullish : 31.1,Bullish : 32.98,Weak Trend : 23.04,Neutral : 12.61,Bearish : -4.04,Bearish : -8.85,Bearish : -2.12,Bearish : -2.69,53.99,388.71,,,SPDR S&P 500,Index,100,,,38124.0,,,,,,,,
Technology,MSFT,NEUTRAL,NEUTRAL,259.58,256.83,349.67,241.51,27.096033,24.169458,1.71,11.922104,0.082,0.71844,2022-07-25 10:59:00,NEUTRAL - 8|8|10,NEUTRAL - 8|9|9,SELL - 5|11|10,SELL - 3|13|10,Neutral : 51.91,BUY,SELL,Bullish : 35.6,Bullish : 38.83,Weak Trend : 15.76,Neutral : 17.46,Bullish : 1.53,Bearish : -8.37,Bullish : 0.31,Bullish : 0.22,55.29,264.69,9.58,10.74,Microsoft Corporation,Cash,100,1.58,1.7,25958.0,buy,13.994,0.094,1.988,0.15674,0.48721,47.863,1.773
Healthcare,CAH,NEUTRAL,NEUTRAL,53.1,52.27,64.53,45.85,13.706762,8.564516,2.89,10.825687,-0.922,0.90212,2022-02-03 00:00:00,NEUTRAL - 7|9|10,SELL - 2|15|9,BUY - 15|2|9,SELL - 3|14|9,Neutral : 50.0,SELL,SELL,Bullish : 28.37,Bullish : 33.81,Weak Trend : 23.12,Neutral : 0.43,Bullish : 0.29,Bearish : -1.32,Bullish : 0.01,Bullish : 0.04,46.52,54.74,3.874,6.2,Cardinal Health. Inc.,Watchlist,100,2.69,2.8,5310.0,hold,11.409,-0.92,1.149,0.026199998,0.37353,563.174,0.453
Consumer Cyclical,NIO,NEUTRAL,NEUTRAL,21.36,21.72,51.74,11.67,,-92.86957,1742.27,1.3912591,,0.37217,2022-04-27 00:00:00,NEUTRAL - 10|7|9,BUY - 11|6|9,SELL - 2|15|9,SELL - 6|9|9,Neutral : 50.61,SELL,SELL,Bullish : 21.4,Bullish : 26.32,Weak Trend : 23.07,Bearish : -86.11,Bullish : 0.8,Bearish : -2.71,Bullish : 0.51,Bullish : 0.86,53.36,23.65,-1.016,-0.23,NIO Inc.,Watchlist,100,1.09,1.7,2136.0,buy,31.758,,2.18,-0.04087,-0.30328,52.96,1.963
Technology,IBM,NEUTRAL,NEUTRAL,141.12,141.19,144.73,114.56,23.176218,13.5302,1.1,6.662889,-0.232,0.56959,2022-07-18 20:00:00,BUY - 15|2|9,STRONG_SELL - 1|16|9,BUY - 15|2|9,BUY - 15|2|9,Bullish  : 55.59,SELL,SELL,Bullish : 56.19,Bullish : 60.9,Weak Trend : 13.49,Neutral : 31.2,Bullish : 2.1,Bearish : -0.97,Bullish : 0.95,Bullish : 0.98,49.45,143.77,6.089,10.43,International Business Machines,Watchlist,100,4.62,2.6,14112.0,hold,11.656,-0.239,0.92,0.02713,0.24476999,301.104,0.726
Communication Services,BIDU,NEUTRAL,STRONG_BUY,151.49,148.73,191.7,101.62,24.96128,16.945192,67.7,0.24886607,-0.669,0.4901,2022-02-15 00:00:00,BUY - 15|2|9,STRONG_BUY - 16|1|9,SELL - 3|14|9,BUY - 12|5|9,Bullish  : 58.08,SELL,SELL,Bullish : 51.38,Bullish : 48.83,Strong Trend : 35.05,Neutral : 45.24,Bullish : 3.57,Bullish : 0.14,Bullish : 2.47,Bullish : 2.75,48.27,156.16,6.069,8.94,Baidu. Inc.,Cash,100,1.45,1.9,15149.0,buy,522.273,-0.729,2.864,0.01874,0.036510002,40.86,2.622
Consumer Cyclical,MCD,NEUTRAL,NEUTRAL,252.96,246.88,271.15,217.68,26.711721,23.531164,3.26,,-0.282,0.69701,2022-07-26 12:30:00,BUY - 15|2|9,SELL - 7|11|8,SELL - 7|10|9,STRONG_BUY - 17|0|9,Bullish  : 66.33,BUY,BUY,Overbrought : 90.79,Overbrought : 85.9,Weak Trend : 15.72,Bullish  : 138.78,Bullish : 6.05,Bullish : 5.05,Bullish : 2.18,Bullish : 1.28,65.25,245.45,9.47,10.75,McDonald's Corporation,Watchlist,100,2.39,2,25296.0,buy,3.188,-0.278,1.1,0.12434,,,0.952
SPDR Select Sector Fund - Healt,XLV,STRONG_BUY,STRONG_BUY,129.68,128.24,143.42,118.75,4.1609445,,,,,,,BUY - 15|2|9,BUY - 12|4|10,NEUTRAL - 8|8|10,BUY - 10|7|9,Bullish  : 61.3,BUY,SELL,Bullish : 71.63,Bullish : 72.62,Weak Trend : 21.79,Bullish  : 69.9,Bullish : 2.77,Bullish : 0.47,Bullish : 0.87,Bullish : 0.56,65.52,129.98,,,SPDR Select Sector Fund - Healt,Index,100,,,12968.0,,,,,,,,
Healthcare,PFE,STRONG_BUY,STRONG_BUY,52.31,52.43,61.71,38.93,14.941446,1.0582643,-9.15,3.8776875,3.011,0.69549006,2022-05-02 00:00:00,BUY - 15|1|10,STRONG_BUY - 16|1|9,BUY - 15|3|8,BUY - 15|2|9,Bullish  : 59.58,BUY,BUY,Overbrought : 81.5,Overbrought : 85.05,Weak Trend : 21.45,Bullish  : 80.86,Bullish : 1.79,Bullish : 0.71,Bullish : 0.54,Bullish : 0.27,60.91,51.25,3.501,49.43,Pfizer. Inc.,Watchlist,100,2.71,2.3,5231.0,buy,5.526,2.911,1.399,0.09996,0.31870002,53.438,1.097
Consumer Defensive,CLX,STRONG_BUY,BUY,143.9,140.98,191.75,120.5,41.505623,21.574211,-7.03,48.046745,-0.734,0.82019997,2022-04-28 00:00:00,BUY - 15|1|10,BUY - 13|3|10,SELL - 2|14|10,SELL - 6|10|10,Bullish  : 67.18,BUY,BUY,Overbrought : 92.7,Overbrought : 90.59,Strong Trend : 32.87,Bullish  : 90.9,Bullish : 8.68,Bullish : 3.15,Bullish : 2.62,Bullish : 1.7,61.92,139.37,3.467,6.67,Clorox Company (The),Watchlist,100,4.73,3.4,14390.0,hold,1.755,-0.724,0.671,0.069180004,0.27365,657.434,0.302
Technology,CRWD,NEUTRAL,BUY,179.25,168.56,298.48,130.0,,199.16667,1.81,43.349453,,0.72581,2022-03-14 00:00:00,BUY - 14|3|9,BUY - 13|4|9,SELL - 4|12|10,SELL - 5|10|9,Bullish  : 57.28,SELL,BUY,Bullish : 46.16,Bullish : 39.27,Weak Trend : 16.26,Bullish  : 65.09,Bullish : 3.1,Bearish : -5.85,Bullish : 2.49,Bullish : 2.78,62.61,164.56,-0.941,0.9,CrowdStrike Holdings. Inc.,Watchlist,100,3.31,1.6,17925.0,buy,8.652,,1.827,-0.02684,-0.24339001,74.661,1.681
Utilities,UGI,BUY,BUY,39.72,38.61,48.55,33.05,5.7398844,11.716814,2.06,1.5652586,,0.85376,2022-02-01 00:00:00,BUY - 14|2|10,STRONG_BUY - 16|0|10,STRONG_BUY - 18|0|8,NEUTRAL - 7|9|10,Neutral : 52.04,BUY,SELL,Bullish : 53.45,Bullish : 46.03,Strong Trend : 30.92,Bullish  : 85.92,Bearish : -0.91,Bullish : 0.25,Bearish : -0.3,Bearish : -0.45,60.41,39.98,6.92,3.39,UGI Corporation,Watchlist,100,3.22,2.5,3972.0,buy,1.592,,1.329,0.07387,0.21785,132.823,0.782
Healthcare,MRNA,STRONG_BUY,BUY,149.95,142.85,497.49,115.61,8.983345,5.6649036,-0.03,5.99848,,0.63928,2022-02-23 00:00:00,BUY - 14|2|10,BUY - 14|3|9,SELL - 2|14|10,NEUTRAL - 7|7|10,Bullish  : 63.66,BUY,BUY,Overbrought : 83.74,Bullish : 79.22,Weak Trend : 12.72,Bullish  : 122.69,Bullish : 9.39,Bullish : 5.74,Bullish : 3.64,Bullish : 2.78,69.37,135.83,16.692,26.47,Moderna. Inc.,Watchlist,100,2.74,2.5,14994.999999999998,buy,26.626,,1.761,0.51928,1.4607899,6.476,1.536
iShares Biotechnology ETF,IBB,STRONG_BUY,BUY,120.17,117.63,177.37,104.29,2.8724065,,,,,,,BUY - 14|2|10,BUY - 12|4|10,SELL - 6|11|9,SELL - 5|12|9,Bullish  : 63.4,BUY,BUY,Overbrought : 80.88,Bullish : 77.9,Weak Trend : 19.7,Bullish  : 79.28,Bullish : 4.63,Bullish : 0.14,Bullish : 1.71,Bullish : 1.5,67.85,115.96,,,iShares Biotechnology ETF,Index,100,,,12017.0,,,,,,,,
Healthcare,EDIT,NEUTRAL,BUY,12.59,11.83,73.03,9.59,,-3.780781,,1.4512968,,0.66857004,2022-02-23 00:00:00,BUY - 13|5|8,BUY - 11|5|10,SELL - 3|14|9,SELL - 4|12|10,Bullish  : 55.11,SELL,SELL,Bullish : 33.38,Bullish : 33.48,Weak Trend : 14.52,Neutral : 20.86,Bullish : 0.39,Bearish : -0.9,Bullish : 0.21,Bullish : 0.28,54.04,13.39,-3.231,-3.33,Editas Medicine. Inc.,Watchlist,100,8.44,2.6,1259.0,hold,7.301,,10.821,-0.19313,-0.40645,4.764,10.667
Communication Services,RBLX,NEUTRAL,BUY,35.07,32.86,141.6,21.65,,-48.041096,1.37,34.181286,,0.69187,2021-11-08 00:00:00,BUY - 13|4|9,BUY - 12|4|10,SELL - 3|13|10,NEUTRAL - 5|7|10,Bullish  : 60.24,SELL,SELL,Bullish : 56.15,Bullish : 53.18,Weak Trend : 23.88,Bullish  : 58.93,Bullish : 2.97,Bearish : -1.37,Bullish : 1.21,Bullish : 1.23,52.92,37.15,-0.995,-0.73,Roblox Corporation,Watchlist,100,1.54,2.2,3507.0,buy,5.111,,1.73,-0.07619,-1.42756,208.061,1.528
Industrials,BA,NEUTRAL,BUY,139.84,136.72,241.15,113.02,,24.926914,-7.5,,,0.55401003,2022-07-26 12:30:00,BUY - 13|4|9,BUY - 11|5|10,SELL - 4|13|9,SELL - 3|13|10,Bullish  : 56.33,SELL,SELL,Bullish : 48.27,Bullish : 43.91,Weak Trend : 10.32,Bullish  : 71.81,Bullish : 3.16,Bearish : -1.77,Bullish : 1.46,Bullish : 1.53,55.51,146.26,-8.285,5.61,Boeing Company (The),Watchlist,100,0.93,,13984.0,none,20.759,,1.298,-0.0089300005,,,0.292
Consumer Cyclical,BABA,NEUTRAL,BUY,116.0,113.68,216.6,73.28,16.299002,11.983471,400.67,0.32472077,-0.742,0.17965001,2022-01-31 00:00:00,BUY - 13|3|10,BUY - 13|3|10,SELL - 1|15|10,NEUTRAL - 9|7|10,Bullish  : 61.1,SELL,BUY,Bullish : 60.13,Bullish : 61.3,Strong Trend : 35.18,Neutral : 48.63,Bullish : 4.21,Bearish : -1.6,Bullish : 3.18,Bullish : 3.52,55.58,108.42,7.117,9.68,Alibaba Group Holding Limited,Cash,100,1.46,2,11600.0,buy,184.161,-0.739,1.645,0.033239998,0.05293,15.509,1.206
Consumer Cyclical,SBUX,STRONG_BUY,BUY,79.26,76.39,126.32,68.39,21.192514,22.973913,3.38,,0.023,0.70128995,2022-08-02 10:59:00,BUY - 13|3|10,BUY - 12|4|10,SELL - 2|14|10,SELL - 5|11|10,Bullish  : 66.21,BUY,BUY,Bullish : 76.17,Bullish : 65.45,Weak Trend : 23.83,Bullish  : 118.7,Bullish : 1.74,Bullish : 1.13,Bullish : 0.85,Bullish : 0.48,63.15,74.87,3.74,3.45,Starbucks Corporation,Call,100,1.49,2.4,7926.000000000001,buy,3.484,0.036,0.828,0.1067,,,0.58
Consumer Defensive,PG,STRONG_BUY,BUY,146.11,143.79,165.35,129.5,25.543707,23.56613,4.79,7.8545322,0.026,0.65788,2022-07-29 12:30:00,BUY - 13|3|10,BUY - 11|5|10,SELL - 1|15|10,SELL - 5|11|10,Bullish  : 64.14,BUY,BUY,Overbrought : 93.36,Overbrought : 88.14,Weak Trend : 20.09,Bullish  : 103.63,Bullish : 3.76,Bullish : 1.65,Bullish : 1.16,Bullish : 0.49,69.83,141.31,5.72,6.2,Procter & Gamble Company (The),Watchlist,100,2.41,2.4,14611.000000000002,buy,3.554,0.051,0.681,0.09846,0.31604,73.6,0.408
Consumer Defensive,TAL,NEUTRAL,BUY,4.81,4.87,23.4,1.6,,9.25,0.38,0.5962563,,0.65279,2022-04-20 00:00:00,BUY - 12|6|8,BUY - 12|5|9,NEUTRAL - 7|10|9,NEUTRAL - 9|10|7,Neutral : 53.36,SELL,BUY,Bullish : 31.08,Bullish : 36.82,Weak Trend : 21.21,Neutral : -44.32,Bullish : 0.09,Bearish : -0.15,Bullish : 0.08,Bullish : 0.11,52.33,4.61,-0.19,0.52,TAL Education Group,Call,100,1.03,3,480.99999999999994,hold,4.191,,4.023,-0.00796,-0.25293,6.049,3.024
Consumer Defensive,BYND,NEUTRAL,NEUTRAL,25.66,23.94,151.26,20.5,,-8.120253,-0.54,39.782948,,0.61697,2022-08-03 10:59:00,BUY - 12|5|9,STRONG_SELL - 1|16|9,SELL - 2|14|10,SELL - 6|11|7,Bullish  : 55.66,BUY,SELL,Bullish : 50.67,Bullish : 40.93,Weak Trend : 19.17,Bullish  : 85.69,Bullish : 0.09,Bullish : 0.1,Bearish : -0.02,Bearish : -0.1,61.94,26.29,-4.033,-3.16,Beyond Meat. Inc.,Watchlist,100,7.88,3.1,2566.0,hold,8.622,,9.083,-0.104499996,-1.67393,2823.686,5.946
Financial Services,WU,NEUTRAL,NEUTRAL,16.81,16.47,23.68,15.3,8.537329,7.504464,1.4,18.411829,0.613,1.04333,2022-02-08 00:00:00,BUY - 12|5|9,NEUTRAL - 8|8|10,NEUTRAL - 8|8|10,SELL - 2|14|10,Bullish  : 56.2,BUY,SELL,Bullish : 62.93,Bullish : 58.66,Weak Trend : 19.79,Bullish  : 81.46,Bullish : 0.05,Bullish : 0.12,Bullish : -0.0,Bearish : -0.08,57.37,17.05,1.969,2.24,Western Union Company (The),Watchlist,100,9.15,3.1,1680.9999999999998,hold,3.357,0.682,0.449,0.07886,3.2095902,718.396,0.266
Financial Services,SPGI,STRONG_BUY,BUY,343.33,337.06,484.21,311.87,29.599964,23.467531,2.14,44.844563,0.487,0.86981004,2022-04-27 00:00:00,BUY - 12|4|10,BUY - 11|6|9,SELL - 5|12|9,SELL - 4|12|10,Bullish  : 61.99,BUY,BUY,Overbrought : 81.65,Bullish : 77.55,Weak Trend : 19.35,Bullish  : 98.67,Bullish : 6.9,Bullish : 1.29,Bullish : 2.32,Bullish : 1.08,59.79,328.99,11.599,14.63,S&P Global Inc.,Watchlist,100,6.1,1.7,34333.0,buy,26.993,0.487,2.309,0.20552999,0.73425,89.812,2.138
SPDR Select Sector Fund - Consu,XLP,STRONG_BUY,BUY,73.22,72.18,81.34,68.22,3.544218,,,,,,,BUY - 12|4|10,BUY - 10|6|10,SELL - 2|14|10,SELL - 5|11|10,Bullish  : 63.79,BUY,BUY,Bullish : 79.98,Bullish : 74.45,Weak Trend : 19.97,Bullish  : 90.24,Bullish : 0.99,Bullish : 0.35,Bullish : 0.3,Bullish : 0.09,63.02,71.33,,,SPDR Select Sector Fund - Consu,Index,100,,,7322.0,,,,,,,,
Vanguard Real Estate ETF,VNQ,NEUTRAL,NEUTRAL,92.75,91.11,116.71,86.63,,,,,,,,BUY - 11|6|9,NEUTRAL - 8|9|9,SELL - 5|11|10,SELL - 4|14|8,Neutral : 54.25,BUY,SELL,Bullish : 52.34,Bullish : 52.57,Weak Trend : 16.32,Bullish  : 69.47,Bullish : 0.28,Bearish : -0.38,Bearish : -0.11,Bearish : -0.37,54.61,93.61,,,Vanguard Real Estate ETF,Index,100,,,9275.0,,,,,,,,
Technology,PLTR,NEUTRAL,BUY,9.27,9.07,29.29,6.44,,46.350002,1.3,8.210807,,0.33005002,2022-02-14 00:00:00,BUY - 11|6|9,BUY - 11|5|10,SELL - 3|13|10,SELL - 2|10|10,Neutral : 54.91,SELL,SELL,Bullish : 35.23,Bullish : 36.46,Weak Trend : 22.24,Neutral : 13.78,Bullish : 0.35,Bearish : -0.9,Bullish : 0.17,Bullish : 0.21,56.7,9.99,-0.275,0.2,Palantir Technologies Inc.,Cash,100,3.44,3,927.0,hold,1.244,,4.338,-0.08653,-0.27291,11.352,4.114
iShares U.S. Real Estate ETF,IYR,NEUTRAL,NEUTRAL,93.71,91.98,116.89,86.57,4.5678773,,,,,,,BUY - 11|5|10,NEUTRAL - 8|9|9,SELL - 5|11|10,SELL - 5|13|8,Bullish  : 55.93,BUY,SELL,Bullish : 58.41,Bullish : 58.8,Weak Trend : 21.56,Bullish  : 70.1,Bullish : 0.87,Bearish : -0.36,Bullish : 0.12,Bearish : -0.15,55.32,94.39,,,iShares U.S. Real Estate ETF,Index,100,,,9371.0,,,,,,,,
iShares U.S. Home Construction ,ITB,NEUTRAL,NEUTRAL,54.85,52.5,83.43,48.02,,,,,,,,BUY - 11|5|10,NEUTRAL - 8|8|10,SELL - 4|12|10,SELL - 4|13|9,Bullish  : 59.02,BUY,BUY,Overbrought : 85.64,Bullish : 76.35,Weak Trend : 23.19,Bullish  : 125.03,Bearish : -0.31,Bullish : 1.36,Bearish : -0.2,Bearish : -0.69,63.38,51.1,,,iShares U.S. Home Construction ,Index,100,,,5485.0,,,,,,,,
Technology,ORCL,STRONG_BUY,BUY,70.87,69.87,106.34,63.76,20.002823,13.473384,1.45,,-0.538,0.43271,2022-03-08 00:00:00,BUY - 11|5|10,BUY - 13|3|10,SELL - 4|12|10,SELL - 5|11|10,Bullish  : 58.49,BUY,BUY,Overbrought : 84.87,Bullish : 77.03,Weak Trend : 8.55,Bullish  : 108.88,Bullish : 0.88,Bullish : 0.18,Bullish : 0.25,Bearish : -0.01,56.67,67.09,3.543,5.26,Oracle Corporation,Watchlist,100,1.81,2.7,7087.0,hold,8.766,-0.5,1.52,0.08745,10.603089,,1.343
Technology,IT,NEUTRAL,NEUTRAL,244.28,241.83,369.0,221.39,30.439877,34.260868,1.65,60.570293,0.75,0.93446,2022-05-02 00:00:00,BUY - 10|7|9,SELL - 6|11|9,SELL - 3|13|10,SELL - 5|11|10,Neutral : 52.44,BUY,SELL,Bullish : 51.55,Bullish : 50.01,Weak Trend : 17.87,Bullish  : 54.71,Bullish : 0.13,Bearish : -7.01,Bearish : -0.44,Bearish : -1.27,60.29,248.99,8.025,7.13,Gartner. Inc.,Watchlist,100,1.67,2.1,24428.0,buy,9.193,0.881,0.775,0.082320005,1.08596,890.432,0.634
Financial Services,DFS,NEUTRAL,NEUTRAL,97.69,94.58,135.69,88.02,5.8413057,7.2740135,0.12,2.3589213,-0.22,0.87068003,2022-04-19 00:00:00,BUY - 10|7|9,SELL - 6|11|9,SELL - 6|10|10,SELL - 4|13|9,Neutral : 51.08,BUY,SELL,Bullish : 45.59,Bullish : 38.39,Weak Trend : 15.07,Bullish  : 55.16,Bearish : -1.5,Bearish : -1.49,Bearish : -0.87,Bearish : -1.33,54.24,100.09,16.724,13.43,Discover Financial Services,Watchlist,100,3.22,2,9769.0,buy,34.257,-0.162,1.227,0.046079997,0.39848,127.537,1.227
Technology,FISV,NEUTRAL,NEUTRAL,92.58,88.97,119.86,87.03,47.968914,14.30912,0.94,1.9338667,1.201,0.93338996,2022-04-25 00:00:00,BUY - 10|6|10,SELL - 6|10|10,NEUTRAL - 8|9|9,SELL - 3|14|9,Neutral : 53.11,BUY,SELL,Bullish : 44.78,Bullish : 35.04,Weak Trend : 23.02,Bullish  : 78.53,Bearish : -1.55,Bearish : -1.65,Bearish : -0.6,Bearish : -0.9,62.59,93.96,1.93,6.47,Fiserv. Inc.,Watchlist,100,3.27,2,9258.0,buy,1.313,1.262,1.04,0.02101,0.054380003,65.553,0.213
Financial Services,PRU,NEUTRAL,NEUTRAL,97.42,95.68,124.22,90.25,5.3063893,7.7317457,3.29,0.5965159,0.475,0.60008997,2022-05-02 00:00:00,BUY - 10|6|10,SELL - 6|10|10,SELL - 5|11|10,NEUTRAL - 8|11|7,Neutral : 53.51,BUY,SELL,Bullish : 63.4,Bullish : 59.35,Weak Trend : 20.08,Bullish  : 66.75,Bearish : -0.05,Bullish : 0.01,Bearish : -0.2,Bearish : -0.64,53.25,99.43,18.359,12.6,Prudential Financial. Inc.,Watchlist,100,5.43,3.1,9742.0,hold,75.468,0.527,0.989,0.00691,0.119160004,55.082,0.149
Financial Services,MCO,NEUTRAL,NEUTRAL,274.91,271.97,407.94,251.01,24.629099,21.697712,4.82,21.030447,0.36,0.95532,2022-04-26 00:00:00,BUY - 10|6|10,NEUTRAL - 8|9|9,SELL - 4|13|9,SELL - 5|14|7,Bullish  : 55.48,BUY,SELL,Bullish : 62.66,Bullish : 63.88,Weak Trend : 16.85,Bullish  : 59.65,Bullish : 3.0,Bearish : -2.44,Bullish : 0.22,Bearish : -0.76,55.21,278.98,11.162,12.67,Moody's Corporation,Watchlist,100,3.57,2.2,27491.000000000004,buy,10.27,0.367,1.607,0.13193,0.94636,274.211,1.451
Financial Services,MET,NEUTRAL,NEUTRAL,63.68,62.79,73.18,55.21,10.627503,8.844444,0.91,0.77885544,6.627,0.77532995,2022-02-01 00:00:00,BUY - 10|6|10,NEUTRAL - 8|9|9,SELL - 5|11|10,NEUTRAL - 7|10|9,Neutral : 53.17,BUY,SELL,Bullish : 54.84,Bullish : 50.11,Weak Trend : 16.2,Bullish  : 54.02,Bearish : -0.22,Bearish : -0.55,Bearish : -0.08,Bearish : -0.22,54.92,64.96,5.992,7.2,MetLife. Inc.,Watchlist,100,2.31,1.9,6368.0,buy,41.088,9.208,1.03,0.00727,0.09224,161.024,0.795
SPDR Series Trust SPDR Homebuil,XHB,NEUTRAL,NEUTRAL,56.56,54.71,86.61,51.23,,,,,,,,BUY - 10|6|10,NEUTRAL - 7|9|10,SELL - 2|14|10,SELL - 4|13|9,Bullish  : 55.06,BUY,BUY,Bullish : 73.32,Bullish : 66.22,Weak Trend : 21.7,Bullish  : 94.94,Bearish : -0.65,Bullish : 0.31,Bearish : -0.35,Bearish : -0.71,60.49,53.49,,,SPDR Series Trust SPDR Homebuil,Index,100,,,5656.0,,,,,,,,
Technology,AAPL,BUY,BUY,138.93,136.72,182.94,129.04,22.590242,21.210686,2.25,33.412697,0.058,0.59629,2022-07-28 20:00:00,BUY - 10|6|10,BUY - 12|4|10,SELL - 2|14|10,SELL - 6|11|9,Neutral : 51.32,BUY,SELL,Bullish : 39.21,Bullish : 38.46,Weak Trend : 14.93,Neutral : 22.41,Bearish : -0.11,Bearish : -2.87,Bearish : -0.23,Bearish : -0.4,53.79,142.13,6.15,6.55,Apple Inc.,Cash,100,1.3,1.9,13893.0,buy,3.183,0.086,0.927,0.21695,1.49271,178.016,0.76
